box_id,sku,product_name,quantity,unit,category,weight,received_date
BOX-Rack-A1-L1-P1,SKU-1008,Headphones,46,each,Electronics,0.6,2026-01-08
BOX-Rack-A1-L1-P2,SKU-2003,Toaster,27,each,Home Goods,4.5,2026-01-17
BOX-Rack-A1-L1-P2,SKU-2006,Kitchen Knife Set,22,set,Home Goods,4.8,2026-01-02
BOX-Rack-A1-L1-P3,SKU-1004,Wireless Mouse,58,each,Electronics,0.3,2026-02-11
BOX-Rack-A1-L1-P3,SKU-1001,Laptop Computer,24,each,Electronics,5.5,2026-02-11
BOX-Rack-A1-L2-P1,SKU-1001,Laptop Computer,17,each,Electronics,5.5,2025-12-26
BOX-Rack-A1-L2-P1,SKU-1009,Webcam HD,41,each,Electronics,0.8,2026-01-28
BOX-Rack-A1-L2-P2,SKU-2002,Blender,26,each,Home Goods,6.2,2026-02-05
BOX-Rack-A1-L2-P3,SKU-2005,Throw Pillows 4pk,25,pack,Home Goods,3.2,2025-12-30
BOX-Rack-A1-L2-P3,SKU-1001,Laptop Computer,14,each,Electronics,5.5,2026-02-15
BOX-Rack-A1-L3-P1,SKU-2007,Cookware Set,13,set,Home Goods,15,2026-01-13
BOX-Rack-A1-L3-P1,SKU-2008,Dinner Plates 12pk,35,pack,Home Goods,8,2026-01-25
BOX-Rack-A1-L3-P2,SKU-2010,Table Lamp,35,each,Home Goods,5.5,2026-02-14
BOX-Rack-A1-L3-P3,SKU-1005,Keyboard,58,each,Electronics,1.8,2026-02-03
BOX-Rack-A2-L1-P2,SKU-2010,Table Lamp,26,each,Home Goods,5.5,2026-02-17
BOX-Rack-A2-L1-P3,SKU-1002,Tablet Device,13,each,Electronics,1.2,2026-02-03
BOX-Rack-A2-L2-P1,SKU-1007,USB Cable Pack,145,pack,Electronics,0.2,2026-01-10
BOX-Rack-A2-L2-P1,SKU-1002,Tablet Device,16,each,Electronics,1.2,2025-12-28
BOX-Rack-A2-L2-P2,SKU-1010,Power Bank,39,each,Electronics,0.9,2026-01-14
BOX-Rack-A2-L2-P3,SKU-1004,Wireless Mouse,57,each,Electronics,0.3,2026-01-23
BOX-Rack-A2-L2-P3,SKU-2004,Bedding Set Queen,18,set,Home Goods,7,2026-01-23
BOX-Rack-A2-L3-P1,SKU-1002,Tablet Device,21,each,Electronics,1.2,2026-01-27
BOX-Rack-A2-L3-P2,SKU-2008,Dinner Plates 12pk,17,pack,Home Goods,8,2026-02-14
BOX-Rack-A2-L3-P3,SKU-2010,Table Lamp,41,each,Home Goods,5.5,2026-01-13
BOX-Rack-A3-L1-P1,SKU-1006,Monitor 24inch,9,each,Electronics,12,2026-01-20
BOX-Rack-A3-L1-P1,SKU-2001,Coffee Maker,33,each,Home Goods,8.5,2026-01-28
BOX-Rack-A3-L1-P2,SKU-2009,Wall Clock,40,each,Home Goods,2.5,2026-01-27
BOX-Rack-A3-L1-P2,SKU-2006,Kitchen Knife Set,13,set,Home Goods,4.8,2025-12-29
BOX-Rack-A3-L1-P3,SKU-1008,Headphones,64,each,Electronics,0.6,2026-01-07
BOX-Rack-A3-L2-P1,SKU-2010,Table Lamp,22,each,Home Goods,5.5,2026-01-29
BOX-Rack-A3-L2-P1,SKU-1001,Laptop Computer,13,each,Electronics,5.5,2026-01-19
BOX-Rack-A3-L2-P3,SKU-2001,Coffee Maker,25,each,Home Goods,8.5,2026-02-12
BOX-Rack-A3-L2-P3,SKU-1002,Tablet Device,23,each,Electronics,1.2,2026-01-29
BOX-Rack-A3-L3-P1,SKU-2002,Blender,13,each,Home Goods,6.2,2025-12-25
BOX-Rack-A3-L3-P2,SKU-2006,Kitchen Knife Set,24,set,Home Goods,4.8,2026-02-03
BOX-Rack-A3-L3-P3,SKU-1004,Wireless Mouse,62,each,Electronics,0.3,2026-02-08
BOX-Rack-A4-L1-P1,SKU-1010,Power Bank,37,each,Electronics,0.9,2025-12-30
BOX-Rack-A4-L1-P2,SKU-1007,USB Cable Pack,143,pack,Electronics,0.2,2026-02-06
BOX-Rack-A4-L1-P2,SKU-1009,Webcam HD,48,each,Electronics,0.8,2026-01-16
BOX-Rack-A4-L1-P3,SKU-2005,Throw Pillows 4pk,35,pack,Home Goods,3.2,2026-02-04
BOX-Rack-A4-L1-P3,SKU-1005,Keyboard,65,each,Electronics,1.8,2026-02-04
BOX-Rack-A4-L2-P1,SKU-2007,Cookware Set,17,set,Home Goods,15,2026-02-04
BOX-Rack-A4-L3-P1,SKU-1010,Power Bank,87,each,Electronics,0.9,2026-01-25
BOX-Rack-A4-L3-P2,SKU-2009,Wall Clock,26,each,Home Goods,2.5,2025-12-24
BOX-Rack-A4-L3-P2,SKU-2010,Table Lamp,42,each,Home Goods,5.5,2026-01-11
BOX-Rack-A4-L3-P3,SKU-2008,Dinner Plates 12pk,23,pack,Home Goods,8,2026-01-14
BOX-Rack-A4-L3-P3,SKU-1005,Keyboard,39,each,Electronics,1.8,2026-02-07
BOX-Rack-A5-L1-P1,SKU-1006,Monitor 24inch,11,each,Electronics,12,2026-01-11
BOX-Rack-A5-L1-P1,SKU-2002,Blender,22,each,Home Goods,6.2,2026-01-13
BOX-Rack-A5-L1-P2,SKU-2006,Kitchen Knife Set,9,set,Home Goods,4.8,2026-01-18
BOX-Rack-A5-L1-P2,SKU-2005,Throw Pillows 4pk,25,pack,Home Goods,3.2,2026-01-30
BOX-Rack-A5-L1-P3,SKU-2005,Throw Pillows 4pk,58,pack,Home Goods,3.2,2025-12-24
BOX-Rack-A5-L2-P1,SKU-2002,Blender,18,each,Home Goods,6.2,2025-12-22
BOX-Rack-A5-L2-P1,SKU-1006,Monitor 24inch,12,each,Electronics,12,2025-12-30
BOX-Rack-A5-L2-P2,SKU-2004,Bedding Set Queen,9,set,Home Goods,7,2026-01-28
BOX-Rack-A5-L2-P3,SKU-1003,Smartphone,33,each,Electronics,0.4,2026-02-13
BOX-Rack-A5-L2-P3,SKU-2003,Toaster,26,each,Home Goods,4.5,2026-02-14
BOX-Rack-A5-L3-P1,SKU-1003,Smartphone,53,each,Electronics,0.4,2025-12-26
BOX-Rack-A5-L3-P2,SKU-1007,USB Cable Pack,145,pack,Electronics,0.2,2026-01-31
BOX-Rack-A6-L1-P3,SKU-1006,Monitor 24inch,21,each,Electronics,12,2026-01-05
BOX-Rack-A6-L2-P1,SKU-2008,Dinner Plates 12pk,31,pack,Home Goods,8,2025-12-26
BOX-Rack-A6-L2-P2,SKU-1007,USB Cable Pack,140,pack,Electronics,0.2,2026-02-15
BOX-Rack-A6-L2-P3,SKU-1009,Webcam HD,18,each,Electronics,0.8,2025-12-24
BOX-Rack-A6-L3-P2,SKU-2003,Toaster,25,each,Home Goods,4.5,2026-01-13
BOX-Rack-A6-L3-P3,SKU-1006,Monitor 24inch,26,each,Electronics,12,2026-01-21
BOX-Rack-B1-L1-P1,SKU-1001,Laptop Computer,19,each,Electronics,5.5,2026-01-09
BOX-Rack-B1-L1-P2,SKU-2004,Bedding Set Queen,12,set,Home Goods,7,2026-02-03
BOX-Rack-B1-L1-P2,SKU-1004,Wireless Mouse,76,each,Electronics,0.3,2026-01-25
BOX-Rack-B1-L1-P3,SKU-1007,USB Cable Pack,91,pack,Electronics,0.2,2026-01-22
BOX-Rack-B1-L1-P3,SKU-2003,Toaster,30,each,Home Goods,4.5,2026-01-26
BOX-Rack-B1-L2-P1,SKU-1001,Laptop Computer,13,each,Electronics,5.5,2026-02-05
BOX-Rack-B1-L2-P1,SKU-2008,Dinner Plates 12pk,25,pack,Home Goods,8,2026-02-03
BOX-Rack-B1-L2-P2,SKU-1002,Tablet Device,35,each,Electronics,1.2,2026-01-04
BOX-Rack-B1-L2-P3,SKU-2009,Wall Clock,24,each,Home Goods,2.5,2026-02-19
BOX-Rack-B1-L3-P1,SKU-1007,USB Cable Pack,139,pack,Electronics,0.2,2026-01-25
BOX-Rack-B1-L3-P2,SKU-2009,Wall Clock,25,each,Home Goods,2.5,2026-01-13
BOX-Rack-B1-L3-P3,SKU-1005,Keyboard,77,each,Electronics,1.8,2026-02-06
BOX-Rack-B2-L1-P2,SKU-1001,Laptop Computer,20,each,Electronics,5.5,2025-12-31
BOX-Rack-B2-L1-P3,SKU-1005,Keyboard,24,each,Electronics,1.8,2026-02-06
BOX-Rack-B2-L1-P3,SKU-2006,Kitchen Knife Set,15,set,Home Goods,4.8,2026-01-22
BOX-Rack-B2-L2-P1,SKU-2006,Kitchen Knife Set,22,set,Home Goods,4.8,2026-02-06
BOX-Rack-B2-L2-P1,SKU-1002,Tablet Device,14,each,Electronics,1.2,2026-01-03
BOX-Rack-B2-L2-P3,SKU-1006,Monitor 24inch,23,each,Electronics,12,2026-01-22
BOX-Rack-B2-L3-P1,SKU-2005,Throw Pillows 4pk,45,pack,Home Goods,3.2,2026-01-05
BOX-Rack-B2-L3-P1,SKU-2004,Bedding Set Queen,12,set,Home Goods,7,2026-01-21
BOX-Rack-B2-L3-P2,SKU-1004,Wireless Mouse,97,each,Electronics,0.3,2025-12-29
BOX-Rack-B2-L3-P3,SKU-2003,Toaster,29,each,Home Goods,4.5,2026-01-14
BOX-Rack-B3-L1-P1,SKU-1008,Headphones,48,each,Electronics,0.6,2026-02-06
BOX-Rack-B3-L1-P1,SKU-1006,Monitor 24inch,18,each,Electronics,12,2026-01-03
BOX-Rack-B3-L1-P2,SKU-2005,Throw Pillows 4pk,27,pack,Home Goods,3.2,2025-12-28
BOX-Rack-B3-L1-P3,SKU-1004,Wireless Mouse,39,each,Electronics,0.3,2026-02-07
BOX-Rack-B3-L1-P3,SKU-1003,Smartphone,54,each,Electronics,0.4,2026-01-28
BOX-Rack-B3-L2-P1,SKU-1004,Wireless Mouse,78,each,Electronics,0.3,2025-12-24
BOX-Rack-B3-L2-P2,SKU-1007,USB Cable Pack,136,pack,Electronics,0.2,2026-02-16
BOX-Rack-B3-L2-P2,SKU-1001,Laptop Computer,18,each,Electronics,5.5,2025-12-28
BOX-Rack-B3-L2-P3,SKU-1001,Laptop Computer,17,each,Electronics,5.5,2026-01-06
BOX-Rack-B3-L2-P3,SKU-2001,Coffee Maker,16,each,Home Goods,8.5,2026-01-14
BOX-Rack-B3-L3-P1,SKU-2001,Coffee Maker,24,each,Home Goods,8.5,2026-01-30
BOX-Rack-B3-L3-P2,SKU-1006,Monitor 24inch,16,each,Electronics,12,2026-01-19
BOX-Rack-B3-L3-P3,SKU-2008,Dinner Plates 12pk,18,pack,Home Goods,8,2026-01-27
BOX-Rack-B4-L1-P1,SKU-1007,USB Cable Pack,124,pack,Electronics,0.2,2025-12-23
BOX-Rack-B4-L1-P1,SKU-1004,Wireless Mouse,48,each,Electronics,0.3,2025-12-26
BOX-Rack-B4-L2-P1,SKU-1002,Tablet Device,14,each,Electronics,1.2,2026-01-15
BOX-Rack-B4-L2-P1,SKU-1003,Smartphone,20,each,Electronics,0.4,2026-01-23
BOX-Rack-B4-L2-P2,SKU-1007,USB Cable Pack,97,pack,Electronics,0.2,2026-01-26
BOX-Rack-B4-L3-P1,SKU-1007,USB Cable Pack,131,pack,Electronics,0.2,2025-12-24
BOX-Rack-B4-L3-P2,SKU-2002,Blender,39,each,Home Goods,6.2,2026-01-18
BOX-Rack-B4-L3-P3,SKU-2003,Toaster,31,each,Home Goods,4.5,2026-01-04
BOX-Rack-B4-L3-P3,SKU-1007,USB Cable Pack,116,pack,Electronics,0.2,2026-01-02
BOX-Rack-B5-L1-P1,SKU-2004,Bedding Set Queen,13,set,Home Goods,7,2025-12-25
BOX-Rack-B5-L1-P1,SKU-1004,Wireless Mouse,46,each,Electronics,0.3,2026-02-08
BOX-Rack-B5-L1-P2,SKU-2007,Cookware Set,12,set,Home Goods,15,2026-01-21
BOX-Rack-B5-L1-P2,SKU-2008,Dinner Plates 12pk,19,pack,Home Goods,8,2026-01-25
BOX-Rack-B5-L1-P3,SKU-1006,Monitor 24inch,26,each,Electronics,12,2026-01-02
BOX-Rack-B5-L2-P1,SKU-2009,Wall Clock,36,each,Home Goods,2.5,2026-02-14
BOX-Rack-B5-L2-P1,SKU-1001,Laptop Computer,7,each,Electronics,5.5,2026-02-03
BOX-Rack-B5-L2-P3,SKU-1009,Webcam HD,33,each,Electronics,0.8,2026-01-04
BOX-Rack-B5-L2-P3,SKU-1002,Tablet Device,17,each,Electronics,1.2,2025-12-29
BOX-Rack-B5-L3-P2,SKU-1006,Monitor 24inch,25,each,Electronics,12,2026-02-18
BOX-Rack-B5-L3-P3,SKU-2002,Blender,20,each,Home Goods,6.2,2026-02-03
BOX-Rack-B6-L1-P1,SKU-2004,Bedding Set Queen,16,set,Home Goods,7,2026-02-04
BOX-Rack-B6-L1-P1,SKU-1008,Headphones,29,each,Electronics,0.6,2026-01-29
BOX-Rack-B6-L1-P2,SKU-1009,Webcam HD,44,each,Electronics,0.8,2026-01-11
BOX-Rack-B6-L1-P2,SKU-2006,Kitchen Knife Set,27,set,Home Goods,4.8,2026-01-15
BOX-Rack-B6-L2-P1,SKU-2004,Bedding Set Queen,11,set,Home Goods,7,2026-02-15
BOX-Rack-B6-L2-P1,SKU-2001,Coffee Maker,23,each,Home Goods,8.5,2025-12-22
BOX-Rack-B6-L2-P2,SKU-2002,Blender,33,each,Home Goods,6.2,2025-12-25
BOX-Rack-B6-L2-P2,SKU-1007,USB Cable Pack,98,pack,Electronics,0.2,2026-01-26
BOX-Rack-B6-L3-P1,SKU-1009,Webcam HD,23,each,Electronics,0.8,2026-01-04
BOX-Rack-B6-L3-P2,SKU-1003,Smartphone,44,each,Electronics,0.4,2026-01-24
BOX-Rack-B6-L3-P2,SKU-1009,Webcam HD,35,each,Electronics,0.8,2026-01-27
BOX-Rack-B6-L3-P3,SKU-1004,Wireless Mouse,99,each,Electronics,0.3,2026-02-15
BOX-Rack-B6-L3-P3,SKU-1002,Tablet Device,13,each,Electronics,1.2,2026-01-24
BOX-Rack-C1-L1-P2,SKU-2010,Table Lamp,34,each,Home Goods,5.5,2026-02-19
BOX-Rack-C1-L1-P3,SKU-1005,Keyboard,68,each,Electronics,1.8,2025-12-29
BOX-Rack-C1-L2-P1,SKU-2003,Toaster,17,each,Home Goods,4.5,2026-02-10
BOX-Rack-C1-L2-P3,SKU-1004,Wireless Mouse,88,each,Electronics,0.3,2025-12-29
BOX-Rack-C1-L3-P1,SKU-1006,Monitor 24inch,26,each,Electronics,12,2026-02-07
BOX-Rack-C1-L3-P2,SKU-1007,USB Cable Pack,62,pack,Electronics,0.2,2026-02-02
BOX-Rack-C1-L3-P3,SKU-2009,Wall Clock,59,each,Home Goods,2.5,2026-02-05
BOX-Rack-C2-L1-P1,SKU-1005,Keyboard,35,each,Electronics,1.8,2025-12-22
BOX-Rack-C2-L1-P2,SKU-1007,USB Cable Pack,134,pack,Electronics,0.2,2025-12-24
BOX-Rack-C2-L1-P2,SKU-2001,Coffee Maker,10,each,Home Goods,8.5,2026-01-02
BOX-Rack-C2-L2-P1,SKU-1003,Smartphone,44,each,Electronics,0.4,2026-02-08
BOX-Rack-C2-L2-P1,SKU-2005,Throw Pillows 4pk,37,pack,Home Goods,3.2,2026-01-10
BOX-Rack-C2-L2-P2,SKU-2009,Wall Clock,54,each,Home Goods,2.5,2026-02-16
BOX-Rack-C2-L2-P2,SKU-1001,Laptop Computer,16,each,Electronics,5.5,2026-01-10
BOX-Rack-C2-L2-P3,SKU-2003,Toaster,32,each,Home Goods,4.5,2026-02-19
BOX-Rack-C2-L2-P3,SKU-1001,Laptop Computer,19,each,Electronics,5.5,2026-01-05
BOX-Rack-C2-L3-P1,SKU-1001,Laptop Computer,13,each,Electronics,5.5,2026-01-18
BOX-Rack-C2-L3-P1,SKU-1008,Headphones,57,each,Electronics,0.6,2026-01-25
BOX-Rack-C2-L3-P2,SKU-1001,Laptop Computer,13,each,Electronics,5.5,2026-02-14
BOX-Rack-C2-L3-P2,SKU-2008,Dinner Plates 12pk,37,pack,Home Goods,8,2026-02-16
BOX-Rack-C2-L3-P3,SKU-1005,Keyboard,43,each,Electronics,1.8,2026-01-31
BOX-Rack-C3-L1-P1,SKU-1005,Keyboard,74,each,Electronics,1.8,2026-01-13
BOX-Rack-C3-L1-P1,SKU-1007,USB Cable Pack,96,pack,Electronics,0.2,2026-02-10
BOX-Rack-C3-L1-P2,SKU-1001,Laptop Computer,22,each,Electronics,5.5,2026-01-04
BOX-Rack-C3-L1-P3,SKU-1006,Monitor 24inch,29,each,Electronics,12,2026-01-07
BOX-Rack-C3-L1-P3,SKU-1003,Smartphone,28,each,Electronics,0.4,2026-02-14
BOX-Rack-C3-L2-P1,SKU-1010,Power Bank,97,each,Electronics,0.9,2026-01-11
BOX-Rack-C3-L2-P3,SKU-1006,Monitor 24inch,19,each,Electronics,12,2026-01-20
BOX-Rack-C3-L2-P3,SKU-1010,Power Bank,117,each,Electronics,0.9,2026-02-11
BOX-Rack-C3-L3-P1,SKU-1004,Wireless Mouse,32,each,Electronics,0.3,2026-01-13
BOX-Rack-C3-L3-P2,SKU-2006,Kitchen Knife Set,22,set,Home Goods,4.8,2026-02-15
BOX-Rack-C3-L3-P2,SKU-2003,Toaster,16,each,Home Goods,4.5,2026-01-03
BOX-Rack-C4-L1-P2,SKU-1007,USB Cable Pack,89,pack,Electronics,0.2,2026-01-11
BOX-Rack-C4-L1-P3,SKU-2002,Blender,28,each,Home Goods,6.2,2026-02-17
BOX-Rack-C4-L1-P3,SKU-1007,USB Cable Pack,121,pack,Electronics,0.2,2026-01-13
BOX-Rack-C4-L2-P1,SKU-1009,Webcam HD,40,each,Electronics,0.8,2025-12-26
BOX-Rack-C4-L2-P2,SKU-1009,Webcam HD,34,each,Electronics,0.8,2026-02-04
BOX-Rack-C4-L2-P3,SKU-1001,Laptop Computer,12,each,Electronics,5.5,2026-01-22
BOX-Rack-C4-L2-P3,SKU-1004,Wireless Mouse,53,each,Electronics,0.3,2025-12-27
BOX-Rack-C4-L3-P1,SKU-1002,Tablet Device,16,each,Electronics,1.2,2026-01-06
BOX-Rack-C4-L3-P1,SKU-2007,Cookware Set,23,set,Home Goods,15,2026-02-14
BOX-Rack-C4-L3-P3,SKU-1006,Monitor 24inch,25,each,Electronics,12,2026-01-03
BOX-Rack-C4-L3-P3,SKU-1001,Laptop Computer,7,each,Electronics,5.5,2026-02-15
BOX-Rack-C5-L1-P1,SKU-1004,Wireless Mouse,80,each,Electronics,0.3,2025-12-27
BOX-Rack-C5-L1-P2,SKU-2010,Table Lamp,24,each,Home Goods,5.5,2026-02-02
BOX-Rack-C5-L1-P2,SKU-2005,Throw Pillows 4pk,59,pack,Home Goods,3.2,2026-01-08
BOX-Rack-C5-L1-P3,SKU-2004,Bedding Set Queen,7,set,Home Goods,7,2026-02-16
BOX-Rack-C5-L1-P3,SKU-1006,Monitor 24inch,20,each,Electronics,12,2026-01-07
BOX-Rack-C5-L2-P1,SKU-2010,Table Lamp,33,each,Home Goods,5.5,2026-01-06
BOX-Rack-C5-L2-P1,SKU-1004,Wireless Mouse,86,each,Electronics,0.3,2025-12-29
BOX-Rack-C5-L2-P2,SKU-2007,Cookware Set,7,set,Home Goods,15,2026-01-08
BOX-Rack-C5-L2-P3,SKU-2005,Throw Pillows 4pk,48,pack,Home Goods,3.2,2026-01-09
BOX-Rack-C5-L2-P3,SKU-1001,Laptop Computer,16,each,Electronics,5.5,2026-02-18
BOX-Rack-C5-L3-P1,SKU-2008,Dinner Plates 12pk,30,pack,Home Goods,8,2026-01-02
BOX-Rack-C5-L3-P2,SKU-1001,Laptop Computer,17,each,Electronics,5.5,2025-12-31
BOX-Rack-C5-L3-P3,SKU-1010,Power Bank,56,each,Electronics,0.9,2026-02-01
BOX-Rack-C6-L1-P2,SKU-1008,Headphones,68,each,Electronics,0.6,2025-12-24
BOX-Rack-C6-L1-P3,SKU-1004,Wireless Mouse,46,each,Electronics,0.3,2026-01-31
BOX-Rack-C6-L2-P2,SKU-2004,Bedding Set Queen,17,set,Home Goods,7,2026-02-12
BOX-Rack-C6-L2-P3,SKU-2003,Toaster,38,each,Home Goods,4.5,2026-02-09
BOX-Rack-C6-L3-P2,SKU-2004,Bedding Set Queen,13,set,Home Goods,7,2025-12-29
BOX-Rack-C6-L3-P2,SKU-1006,Monitor 24inch,13,each,Electronics,12,2026-02-16
BOX-Rack-C6-L3-P3,SKU-1001,Laptop Computer,21,each,Electronics,5.5,2026-02-08
BOX-Rack-C6-L3-P3,SKU-2005,Throw Pillows 4pk,38,pack,Home Goods,3.2,2026-01-21
BOX-Rack-D1-L1-P2,SKU-1003,Smartphone,57,each,Electronics,0.4,2026-01-15
BOX-Rack-D1-L1-P3,SKU-1005,Keyboard,62,each,Electronics,1.8,2026-02-10
BOX-Rack-D1-L2-P1,SKU-2007,Cookware Set,21,set,Home Goods,15,2026-02-15
BOX-Rack-D1-L2-P2,SKU-1004,Wireless Mouse,53,each,Electronics,0.3,2026-01-22
BOX-Rack-D1-L2-P2,SKU-2009,Wall Clock,54,each,Home Goods,2.5,2025-12-28
BOX-Rack-D1-L2-P3,SKU-2007,Cookware Set,14,set,Home Goods,15,2026-01-22
BOX-Rack-D1-L2-P3,SKU-2002,Blender,13,each,Home Goods,6.2,2026-01-27
BOX-Rack-D1-L3-P1,SKU-2005,Throw Pillows 4pk,51,pack,Home Goods,3.2,2025-12-24
BOX-Rack-D1-L3-P1,SKU-1008,Headphones,46,each,Electronics,0.6,2026-01-03
BOX-Rack-D1-L3-P2,SKU-2001,Coffee Maker,14,each,Home Goods,8.5,2026-01-29
BOX-Rack-D1-L3-P2,SKU-2010,Table Lamp,40,each,Home Goods,5.5,2025-12-31
BOX-Rack-D1-L3-P3,SKU-1006,Monitor 24inch,15,each,Electronics,12,2026-01-04
BOX-Rack-D1-L3-P3,SKU-2005,Throw Pillows 4pk,34,pack,Home Goods,3.2,2026-01-16
BOX-Rack-D2-L1-P1,SKU-1004,Wireless Mouse,46,each,Electronics,0.3,2026-01-30
BOX-Rack-D2-L1-P1,SKU-1008,Headphones,41,each,Electronics,0.6,2026-02-15
BOX-Rack-D2-L1-P2,SKU-2003,Toaster,17,each,Home Goods,4.5,2026-01-13
BOX-Rack-D2-L1-P2,SKU-1005,Keyboard,47,each,Electronics,1.8,2025-12-22
BOX-Rack-D2-L2-P1,SKU-2009,Wall Clock,24,each,Home Goods,2.5,2026-02-13
BOX-Rack-D2-L2-P1,SKU-2001,Coffee Maker,21,each,Home Goods,8.5,2026-01-11
BOX-Rack-D2-L2-P3,SKU-1010,Power Bank,114,each,Electronics,0.9,2026-01-27
BOX-Rack-D2-L3-P1,SKU-1001,Laptop Computer,13,each,Electronics,5.5,2026-02-09
BOX-Rack-D2-L3-P2,SKU-1002,Tablet Device,23,each,Electronics,1.2,2026-01-21
BOX-Rack-D2-L3-P2,SKU-1010,Power Bank,93,each,Electronics,0.9,2026-01-23
BOX-Rack-D2-L3-P3,SKU-2006,Kitchen Knife Set,27,set,Home Goods,4.8,2026-02-18
BOX-Rack-D3-L1-P1,SKU-2005,Throw Pillows 4pk,42,pack,Home Goods,3.2,2026-02-13
BOX-Rack-D3-L1-P2,SKU-1003,Smartphone,41,each,Electronics,0.4,2026-01-30
BOX-Rack-D3-L1-P2,SKU-2009,Wall Clock,54,each,Home Goods,2.5,2026-01-11
BOX-Rack-D3-L1-P3,SKU-1001,Laptop Computer,9,each,Electronics,5.5,2026-01-04
BOX-Rack-D3-L1-P3,SKU-1005,Keyboard,52,each,Electronics,1.8,2026-01-28
BOX-Rack-D3-L2-P1,SKU-1008,Headphones,48,each,Electronics,0.6,2026-02-06
BOX-Rack-D3-L2-P1,SKU-1001,Laptop Computer,7,each,Electronics,5.5,2026-02-17
BOX-Rack-D3-L2-P2,SKU-1003,Smartphone,50,each,Electronics,0.4,2026-01-02
BOX-Rack-D3-L2-P2,SKU-1009,Webcam HD,44,each,Electronics,0.8,2026-02-11
BOX-Rack-D3-L2-P3,SKU-1008,Headphones,73,each,Electronics,0.6,2025-12-22
BOX-Rack-D3-L2-P3,SKU-2002,Blender,20,each,Home Goods,6.2,2026-02-17
BOX-Rack-D3-L3-P2,SKU-1006,Monitor 24inch,27,each,Electronics,12,2026-02-19
BOX-Rack-D3-L3-P3,SKU-2007,Cookware Set,9,set,Home Goods,15,2026-02-12
BOX-Rack-D3-L3-P3,SKU-1010,Power Bank,111,each,Electronics,0.9,2026-02-09
BOX-Rack-D4-L1-P1,SKU-1001,Laptop Computer,9,each,Electronics,5.5,2026-02-12
BOX-Rack-D4-L1-P1,SKU-1008,Headphones,35,each,Electronics,0.6,2025-12-28
BOX-Rack-D4-L1-P2,SKU-1003,Smartphone,43,each,Electronics,0.4,2026-01-22
BOX-Rack-D4-L1-P3,SKU-1006,Monitor 24inch,19,each,Electronics,12,2026-01-21
BOX-Rack-D4-L1-P3,SKU-1004,Wireless Mouse,89,each,Electronics,0.3,2025-12-23
BOX-Rack-D4-L2-P1,SKU-2003,Toaster,19,each,Home Goods,4.5,2025-12-24
BOX-Rack-D4-L2-P1,SKU-1009,Webcam HD,34,each,Electronics,0.8,2025-12-25
BOX-Rack-D4-L2-P2,SKU-1003,Smartphone,43,each,Electronics,0.4,2026-01-22
BOX-Rack-D4-L2-P2,SKU-2010,Table Lamp,28,each,Home Goods,5.5,2026-01-25
BOX-Rack-D4-L2-P3,SKU-1009,Webcam HD,30,each,Electronics,0.8,2026-02-07
BOX-Rack-D4-L3-P1,SKU-1006,Monitor 24inch,26,each,Electronics,12,2026-01-05
BOX-Rack-D4-L3-P1,SKU-2008,Dinner Plates 12pk,16,pack,Home Goods,8,2026-01-14
BOX-Rack-D4-L3-P2,SKU-2002,Blender,38,each,Home Goods,6.2,2026-01-18
BOX-Rack-D4-L3-P2,SKU-1006,Monitor 24inch,21,each,Electronics,12,2026-01-22
BOX-Rack-D4-L3-P3,SKU-1005,Keyboard,63,each,Electronics,1.8,2026-02-02
BOX-Rack-D4-L3-P3,SKU-1008,Headphones,27,each,Electronics,0.6,2025-12-23
BOX-Rack-D5-L1-P2,SKU-1003,Smartphone,40,each,Electronics,0.4,2026-01-05
BOX-Rack-D5-L1-P2,SKU-2004,Bedding Set Queen,14,set,Home Goods,7,2026-01-04
BOX-Rack-D5-L1-P3,SKU-1004,Wireless Mouse,60,each,Electronics,0.3,2026-01-31
BOX-Rack-D5-L2-P1,SKU-2002,Blender,14,each,Home Goods,6.2,2026-01-29
BOX-Rack-D5-L3-P1,SKU-1006,Monitor 24inch,9,each,Electronics,12,2026-01-20
BOX-Rack-D5-L3-P2,SKU-1003,Smartphone,48,each,Electronics,0.4,2026-02-19
BOX-Rack-D5-L3-P2,SKU-1006,Monitor 24inch,17,each,Electronics,12,2026-01-30
BOX-Rack-D6-L1-P1,SKU-1008,Headphones,52,each,Electronics,0.6,2025-12-26
BOX-Rack-D6-L1-P1,SKU-1007,USB Cable Pack,60,pack,Electronics,0.2,2026-02-06
BOX-Rack-D6-L1-P2,SKU-1003,Smartphone,52,each,Electronics,0.4,2026-01-25
BOX-Rack-D6-L1-P3,SKU-2002,Blender,28,each,Home Goods,6.2,2026-02-11
BOX-Rack-D6-L1-P3,SKU-1005,Keyboard,74,each,Electronics,1.8,2026-01-11
BOX-Rack-D6-L2-P1,SKU-1001,Laptop Computer,8,each,Electronics,5.5,2025-12-25
BOX-Rack-D6-L2-P1,SKU-2008,Dinner Plates 12pk,44,pack,Home Goods,8,2026-02-14
BOX-Rack-D6-L2-P2,SKU-1004,Wireless Mouse,95,each,Electronics,0.3,2026-01-23
BOX-Rack-D6-L2-P3,SKU-1001,Laptop Computer,18,each,Electronics,5.5,2026-01-05
BOX-Rack-D6-L2-P3,SKU-1006,Monitor 24inch,16,each,Electronics,12,2026-01-05
BOX-Rack-D6-L3-P1,SKU-1008,Headphones,71,each,Electronics,0.6,2026-02-05
BOX-Rack-D6-L3-P2,SKU-2008,Dinner Plates 12pk,38,pack,Home Goods,8,2026-01-27
BOX-Rack-D6-L3-P2,SKU-1002,Tablet Device,26,each,Electronics,1.2,2026-01-13
BOX-Rack-D6-L3-P3,SKU-2001,Coffee Maker,12,each,Home Goods,8.5,2026-02-17
BOX-Rack-E1-L1-P1,SKU-1010,Power Bank,48,each,Electronics,0.9,2026-02-05
BOX-Rack-E1-L1-P2,SKU-1008,Headphones,41,each,Electronics,0.6,2026-01-08
BOX-Rack-E1-L1-P3,SKU-2001,Coffee Maker,17,each,Home Goods,8.5,2026-02-04
BOX-Rack-E1-L2-P1,SKU-2008,Dinner Plates 12pk,28,pack,Home Goods,8,2025-12-30
BOX-Rack-E1-L2-P1,SKU-1004,Wireless Mouse,70,each,Electronics,0.3,2026-01-08
BOX-Rack-E1-L2-P2,SKU-2009,Wall Clock,39,each,Home Goods,2.5,2026-01-29
BOX-Rack-E1-L2-P2,SKU-2006,Kitchen Knife Set,15,set,Home Goods,4.8,2026-02-01
BOX-Rack-E1-L3-P1,SKU-1009,Webcam HD,46,each,Electronics,0.8,2026-01-18
BOX-Rack-E1-L3-P1,SKU-1004,Wireless Mouse,77,each,Electronics,0.3,2026-02-01
BOX-Rack-E1-L3-P2,SKU-2001,Coffee Maker,14,each,Home Goods,8.5,2026-02-19
BOX-Rack-E1-L3-P2,SKU-1001,Laptop Computer,14,each,Electronics,5.5,2026-01-03
BOX-Rack-E2-L1-P1,SKU-2005,Throw Pillows 4pk,20,pack,Home Goods,3.2,2026-01-25
BOX-Rack-E2-L1-P1,SKU-2010,Table Lamp,19,each,Home Goods,5.5,2026-01-27
BOX-Rack-E2-L1-P2,SKU-1002,Tablet Device,12,each,Electronics,1.2,2026-02-03
BOX-Rack-E2-L1-P3,SKU-1009,Webcam HD,29,each,Electronics,0.8,2025-12-30
BOX-Rack-E2-L2-P1,SKU-1004,Wireless Mouse,96,each,Electronics,0.3,2026-01-03
BOX-Rack-E2-L2-P1,SKU-1006,Monitor 24inch,20,each,Electronics,12,2026-02-07
BOX-Rack-E2-L2-P2,SKU-1006,Monitor 24inch,17,each,Electronics,12,2026-02-01
BOX-Rack-E2-L2-P3,SKU-1008,Headphones,57,each,Electronics,0.6,2026-01-15
BOX-Rack-E2-L3-P1,SKU-2008,Dinner Plates 12pk,22,pack,Home Goods,8,2025-12-30
BOX-Rack-E2-L3-P2,SKU-1004,Wireless Mouse,55,each,Electronics,0.3,2026-02-16
BOX-Rack-E2-L3-P3,SKU-1005,Keyboard,37,each,Electronics,1.8,2026-02-08
BOX-Rack-E2-L3-P3,SKU-1004,Wireless Mouse,69,each,Electronics,0.3,2026-01-17
BOX-Rack-E3-L1-P2,SKU-2007,Cookware Set,16,set,Home Goods,15,2026-02-16
BOX-Rack-E3-L1-P3,SKU-1001,Laptop Computer,23,each,Electronics,5.5,2026-02-06
BOX-Rack-E3-L2-P2,SKU-1010,Power Bank,66,each,Electronics,0.9,2025-12-28
BOX-Rack-E3-L2-P2,SKU-2006,Kitchen Knife Set,18,set,Home Goods,4.8,2025-12-28
BOX-Rack-E3-L2-P3,SKU-1009,Webcam HD,40,each,Electronics,0.8,2025-12-22
BOX-Rack-E3-L3-P1,SKU-1008,Headphones,61,each,Electronics,0.6,2026-01-31
BOX-Rack-E3-L3-P1,SKU-2008,Dinner Plates 12pk,21,pack,Home Goods,8,2026-01-13
BOX-Rack-E3-L3-P2,SKU-1004,Wireless Mouse,89,each,Electronics,0.3,2026-01-17
BOX-Rack-E3-L3-P3,SKU-1009,Webcam HD,45,each,Electronics,0.8,2026-01-29
BOX-Rack-E4-L1-P1,SKU-1007,USB Cable Pack,139,pack,Electronics,0.2,2026-02-05
BOX-Rack-E4-L1-P2,SKU-2009,Wall Clock,39,each,Home Goods,2.5,2026-01-12
BOX-Rack-E4-L1-P2,SKU-1010,Power Bank,117,each,Electronics,0.9,2026-01-10
BOX-Rack-E4-L1-P3,SKU-1001,Laptop Computer,14,each,Electronics,5.5,2025-12-29
BOX-Rack-E4-L2-P1,SKU-2010,Table Lamp,45,each,Home Goods,5.5,2026-01-28
BOX-Rack-E4-L2-P2,SKU-1001,Laptop Computer,24,each,Electronics,5.5,2025-12-25
BOX-Rack-E4-L2-P3,SKU-1005,Keyboard,43,each,Electronics,1.8,2026-01-24
BOX-Rack-E4-L3-P1,SKU-1001,Laptop Computer,16,each,Electronics,5.5,2026-01-03
BOX-Rack-E4-L3-P1,SKU-1002,Tablet Device,13,each,Electronics,1.2,2026-01-28
BOX-Rack-E4-L3-P2,SKU-1008,Headphones,86,each,Electronics,0.6,2025-12-25
BOX-Rack-E5-L1-P1,SKU-2006,Kitchen Knife Set,17,set,Home Goods,4.8,2026-02-03
BOX-Rack-E5-L1-P1,SKU-2008,Dinner Plates 12pk,36,pack,Home Goods,8,2026-01-16
BOX-Rack-E5-L1-P2,SKU-1006,Monitor 24inch,25,each,Electronics,12,2026-01-20
BOX-Rack-E5-L1-P3,SKU-1006,Monitor 24inch,11,each,Electronics,12,2025-12-28
BOX-Rack-E5-L1-P3,SKU-1001,Laptop Computer,16,each,Electronics,5.5,2025-12-27
BOX-Rack-E5-L2-P1,SKU-1001,Laptop Computer,8,each,Electronics,5.5,2026-01-12
BOX-Rack-E5-L2-P2,SKU-2009,Wall Clock,67,each,Home Goods,2.5,2026-02-11
BOX-Rack-E5-L2-P2,SKU-1004,Wireless Mouse,89,each,Electronics,0.3,2025-12-23
BOX-Rack-E5-L2-P3,SKU-2007,Cookware Set,7,set,Home Goods,15,2026-01-29
BOX-Rack-E5-L2-P3,SKU-1001,Laptop Computer,14,each,Electronics,5.5,2025-12-31
BOX-Rack-E5-L3-P1,SKU-2010,Table Lamp,28,each,Home Goods,5.5,2026-01-25
BOX-Rack-E5-L3-P1,SKU-2008,Dinner Plates 12pk,34,pack,Home Goods,8,2026-02-18
BOX-Rack-E5-L3-P2,SKU-1002,Tablet Device,32,each,Electronics,1.2,2025-12-26
BOX-Rack-E5-L3-P3,SKU-2005,Throw Pillows 4pk,27,pack,Home Goods,3.2,2025-12-24
BOX-Rack-E5-L3-P3,SKU-1005,Keyboard,42,each,Electronics,1.8,2025-12-23
BOX-Rack-E6-L1-P1,SKU-2010,Table Lamp,36,each,Home Goods,5.5,2026-02-11
BOX-Rack-E6-L1-P1,SKU-1003,Smartphone,34,each,Electronics,0.4,2026-01-06
BOX-Rack-E6-L1-P3,SKU-2001,Coffee Maker,24,each,Home Goods,8.5,2026-02-11
BOX-Rack-E6-L2-P1,SKU-2001,Coffee Maker,26,each,Home Goods,8.5,2026-02-07
BOX-Rack-E6-L2-P1,SKU-1002,Tablet Device,16,each,Electronics,1.2,2026-01-23
BOX-Rack-E6-L2-P2,SKU-2002,Blender,27,each,Home Goods,6.2,2026-02-14
BOX-Rack-E6-L2-P2,SKU-2008,Dinner Plates 12pk,24,pack,Home Goods,8,2026-02-15
BOX-Rack-E6-L2-P3,SKU-2001,Coffee Maker,25,each,Home Goods,8.5,2025-12-24
BOX-Rack-E6-L3-P1,SKU-1003,Smartphone,45,each,Electronics,0.4,2026-01-22
BOX-Rack-E6-L3-P1,SKU-1002,Tablet Device,26,each,Electronics,1.2,2026-01-22
BOX-Rack-E6-L3-P2,SKU-2003,Toaster,42,each,Home Goods,4.5,2026-01-23
BOX-Rack-E6-L3-P3,SKU-2005,Throw Pillows 4pk,45,pack,Home Goods,3.2,2026-02-10
BOX-Rack-E6-L3-P3,SKU-1003,Smartphone,21,each,Electronics,0.4,2026-01-03
BOX-Rack-F1-L1-P1,SKU-2008,Dinner Plates 12pk,35,pack,Home Goods,8,2026-02-07
BOX-Rack-F1-L1-P1,SKU-2007,Cookware Set,11,set,Home Goods,15,2026-01-27
BOX-Rack-F1-L1-P2,SKU-1005,Keyboard,53,each,Electronics,1.8,2025-12-24
BOX-Rack-F1-L1-P2,SKU-2002,Blender,16,each,Home Goods,6.2,2026-02-11
BOX-Rack-F1-L1-P3,SKU-1008,Headphones,66,each,Electronics,0.6,2026-01-09
BOX-Rack-F1-L1-P3,SKU-2004,Bedding Set Queen,19,set,Home Goods,7,2026-02-14
BOX-Rack-F1-L2-P1,SKU-2005,Throw Pillows 4pk,58,pack,Home Goods,3.2,2026-02-16
BOX-Rack-F1-L2-P1,SKU-1004,Wireless Mouse,98,each,Electronics,0.3,2026-02-11
BOX-Rack-F1-L2-P2,SKU-1006,Monitor 24inch,27,each,Electronics,12,2026-02-11
BOX-Rack-F1-L2-P2,SKU-1001,Laptop Computer,24,each,Electronics,5.5,2026-02-03
BOX-Rack-F1-L2-P3,SKU-1004,Wireless Mouse,41,each,Electronics,0.3,2026-02-04
BOX-Rack-F1-L3-P1,SKU-1009,Webcam HD,37,each,Electronics,0.8,2026-01-20
BOX-Rack-F1-L3-P1,SKU-1003,Smartphone,59,each,Electronics,0.4,2026-02-13
BOX-Rack-F1-L3-P2,SKU-1010,Power Bank,67,each,Electronics,0.9,2026-02-17
BOX-Rack-F1-L3-P3,SKU-1002,Tablet Device,13,each,Electronics,1.2,2026-02-15
BOX-Rack-F1-L3-P3,SKU-1003,Smartphone,51,each,Electronics,0.4,2026-01-02
BOX-Rack-F2-L1-P1,SKU-1001,Laptop Computer,19,each,Electronics,5.5,2026-01-17
BOX-Rack-F2-L1-P2,SKU-1007,USB Cable Pack,68,pack,Electronics,0.2,2026-02-16
BOX-Rack-F2-L1-P2,SKU-2008,Dinner Plates 12pk,27,pack,Home Goods,8,2026-02-06
BOX-Rack-F2-L1-P3,SKU-2002,Blender,18,each,Home Goods,6.2,2026-02-18
BOX-Rack-F2-L1-P3,SKU-1004,Wireless Mouse,58,each,Electronics,0.3,2025-12-30
BOX-Rack-F2-L2-P1,SKU-1005,Keyboard,30,each,Electronics,1.8,2026-02-02
BOX-Rack-F2-L2-P1,SKU-2003,Toaster,16,each,Home Goods,4.5,2026-02-05
BOX-Rack-F2-L2-P2,SKU-1003,Smartphone,30,each,Electronics,0.4,2025-12-27
BOX-Rack-F2-L2-P3,SKU-2008,Dinner Plates 12pk,36,pack,Home Goods,8,2026-01-03
BOX-Rack-F2-L3-P1,SKU-2001,Coffee Maker,27,each,Home Goods,8.5,2026-02-14
BOX-Rack-F2-L3-P2,SKU-1006,Monitor 24inch,22,each,Electronics,12,2026-01-25
BOX-Rack-F3-L1-P1,SKU-1001,Laptop Computer,11,each,Electronics,5.5,2026-01-17
BOX-Rack-F3-L1-P1,SKU-2005,Throw Pillows 4pk,45,pack,Home Goods,3.2,2026-02-16
BOX-Rack-F3-L1-P2,SKU-1003,Smartphone,47,each,Electronics,0.4,2025-12-30
BOX-Rack-F3-L1-P2,SKU-1007,USB Cable Pack,68,pack,Electronics,0.2,2026-01-26
BOX-Rack-F3-L2-P1,SKU-1002,Tablet Device,35,each,Electronics,1.2,2026-01-02
BOX-Rack-F3-L2-P2,SKU-2006,Kitchen Knife Set,20,set,Home Goods,4.8,2026-01-01
BOX-Rack-F3-L2-P2,SKU-2004,Bedding Set Queen,19,set,Home Goods,7,2026-02-17
BOX-Rack-F3-L2-P3,SKU-2009,Wall Clock,58,each,Home Goods,2.5,2026-01-01
BOX-Rack-F3-L2-P3,SKU-1003,Smartphone,45,each,Electronics,0.4,2026-02-03
BOX-Rack-F3-L3-P1,SKU-1001,Laptop Computer,22,each,Electronics,5.5,2025-12-23
BOX-Rack-F3-L3-P2,SKU-1007,USB Cable Pack,114,pack,Electronics,0.2,2026-01-15
BOX-Rack-F3-L3-P2,SKU-2003,Toaster,17,each,Home Goods,4.5,2026-01-05
BOX-Rack-F3-L3-P3,SKU-1004,Wireless Mouse,94,each,Electronics,0.3,2026-01-02
BOX-Rack-F3-L3-P3,SKU-2005,Throw Pillows 4pk,44,pack,Home Goods,3.2,2026-02-06
BOX-Rack-F4-L1-P2,SKU-1002,Tablet Device,15,each,Electronics,1.2,2026-01-01
BOX-Rack-F4-L1-P3,SKU-1004,Wireless Mouse,63,each,Electronics,0.3,2025-12-25
BOX-Rack-F4-L2-P1,SKU-2002,Blender,15,each,Home Goods,6.2,2026-02-05
BOX-Rack-F4-L2-P1,SKU-1007,USB Cable Pack,107,pack,Electronics,0.2,2026-02-07
BOX-Rack-F4-L2-P2,SKU-1004,Wireless Mouse,43,each,Electronics,0.3,2026-02-02
BOX-Rack-F4-L3-P1,SKU-1006,Monitor 24inch,22,each,Electronics,12,2026-01-09
BOX-Rack-F4-L3-P2,SKU-2005,Throw Pillows 4pk,29,pack,Home Goods,3.2,2026-01-31
BOX-Rack-F4-L3-P2,SKU-1001,Laptop Computer,15,each,Electronics,5.5,2026-01-18
BOX-Rack-F4-L3-P3,SKU-1004,Wireless Mouse,95,each,Electronics,0.3,2026-02-06
BOX-Rack-F4-L3-P3,SKU-1001,Laptop Computer,10,each,Electronics,5.5,2026-01-27
BOX-Rack-F5-L1-P2,SKU-1001,Laptop Computer,10,each,Electronics,5.5,2025-12-25
BOX-Rack-F5-L1-P3,SKU-1001,Laptop Computer,22,each,Electronics,5.5,2026-02-14
BOX-Rack-F5-L2-P1,SKU-1010,Power Bank,49,each,Electronics,0.9,2026-01-07
BOX-Rack-F5-L2-P3,SKU-2007,Cookware Set,12,set,Home Goods,15,2026-02-04
BOX-Rack-F6-L1-P2,SKU-1001,Laptop Computer,9,each,Electronics,5.5,2026-02-11
BOX-Rack-F6-L1-P3,SKU-2001,Coffee Maker,31,each,Home Goods,8.5,2026-01-27
BOX-Rack-F6-L2-P1,SKU-2002,Blender,16,each,Home Goods,6.2,2026-01-27
BOX-Rack-F6-L2-P2,SKU-1009,Webcam HD,22,each,Electronics,0.8,2026-02-17
BOX-Rack-F6-L2-P2,SKU-1010,Power Bank,69,each,Electronics,0.9,2026-01-06
BOX-Rack-F6-L2-P3,SKU-1008,Headphones,65,each,Electronics,0.6,2026-02-03
BOX-Rack-F6-L2-P3,SKU-1004,Wireless Mouse,71,each,Electronics,0.3,2026-02-13
BOX-Rack-F6-L3-P2,SKU-1003,Smartphone,32,each,Electronics,0.4,2026-02-10
BOX-Rack-F6-L3-P3,SKU-2003,Toaster,41,each,Home Goods,4.5,2026-01-01
BOX-Rack-G1-L1-P1,SKU-2009,Wall Clock,58,each,Home Goods,2.5,2026-02-15
BOX-Rack-G1-L1-P2,SKU-2006,Kitchen Knife Set,27,set,Home Goods,4.8,2025-12-22
BOX-Rack-G1-L1-P2,SKU-2002,Blender,28,each,Home Goods,6.2,2026-02-08
BOX-Rack-G1-L1-P3,SKU-2002,Blender,17,each,Home Goods,6.2,2025-12-26
BOX-Rack-G1-L1-P3,SKU-1004,Wireless Mouse,32,each,Electronics,0.3,2025-12-22
BOX-Rack-G1-L2-P1,SKU-2004,Bedding Set Queen,10,set,Home Goods,7,2026-01-07
BOX-Rack-G1-L2-P2,SKU-1005,Keyboard,67,each,Electronics,1.8,2026-02-13
BOX-Rack-G1-L3-P1,SKU-2002,Blender,34,each,Home Goods,6.2,2026-01-27
BOX-Rack-G1-L3-P1,SKU-2005,Throw Pillows 4pk,47,pack,Home Goods,3.2,2025-12-29
BOX-Rack-G1-L3-P2,SKU-1004,Wireless Mouse,87,each,Electronics,0.3,2026-01-27
BOX-Rack-G1-L3-P3,SKU-2005,Throw Pillows 4pk,35,pack,Home Goods,3.2,2026-01-20
BOX-Rack-G2-L1-P1,SKU-1004,Wireless Mouse,85,each,Electronics,0.3,2025-12-22
BOX-Rack-G2-L1-P2,SKU-2003,Toaster,30,each,Home Goods,4.5,2026-02-08
BOX-Rack-G2-L1-P3,SKU-2010,Table Lamp,29,each,Home Goods,5.5,2026-01-19
BOX-Rack-G2-L2-P1,SKU-2003,Toaster,27,each,Home Goods,4.5,2026-01-30
BOX-Rack-G2-L2-P1,SKU-1009,Webcam HD,29,each,Electronics,0.8,2026-01-24
BOX-Rack-G2-L2-P2,SKU-1010,Power Bank,84,each,Electronics,0.9,2026-02-19
BOX-Rack-G2-L2-P2,SKU-2005,Throw Pillows 4pk,20,pack,Home Goods,3.2,2026-01-10
BOX-Rack-G2-L2-P3,SKU-1004,Wireless Mouse,89,each,Electronics,0.3,2025-12-25
BOX-Rack-G2-L2-P3,SKU-1003,Smartphone,22,each,Electronics,0.4,2026-01-22
BOX-Rack-G2-L3-P1,SKU-1006,Monitor 24inch,18,each,Electronics,12,2026-01-04
BOX-Rack-G2-L3-P2,SKU-1008,Headphones,55,each,Electronics,0.6,2025-12-28
BOX-Rack-G2-L3-P3,SKU-1001,Laptop Computer,19,each,Electronics,5.5,2026-02-02
BOX-Rack-G2-L3-P3,SKU-1006,Monitor 24inch,26,each,Electronics,12,2026-02-04
BOX-Rack-G3-L1-P1,SKU-1010,Power Bank,73,each,Electronics,0.9,2025-12-30
BOX-Rack-G3-L1-P1,SKU-1005,Keyboard,66,each,Electronics,1.8,2026-02-08
BOX-Rack-G3-L1-P2,SKU-1007,USB Cable Pack,66,pack,Electronics,0.2,2025-12-23
BOX-Rack-G3-L1-P3,SKU-1004,Wireless Mouse,76,each,Electronics,0.3,2026-01-21
BOX-Rack-G3-L2-P1,SKU-2004,Bedding Set Queen,14,set,Home Goods,7,2026-02-14
BOX-Rack-G3-L2-P1,SKU-1003,Smartphone,28,each,Electronics,0.4,2026-02-13
BOX-Rack-G3-L2-P2,SKU-1006,Monitor 24inch,22,each,Electronics,12,2026-01-11
BOX-Rack-G3-L2-P2,SKU-1001,Laptop Computer,9,each,Electronics,5.5,2025-12-28
BOX-Rack-G3-L3-P2,SKU-2003,Toaster,27,each,Home Goods,4.5,2026-01-19
BOX-Rack-G3-L3-P2,SKU-1003,Smartphone,18,each,Electronics,0.4,2026-01-06
BOX-Rack-G3-L3-P3,SKU-1009,Webcam HD,34,each,Electronics,0.8,2025-12-31
BOX-Rack-G4-L1-P1,SKU-2010,Table Lamp,33,each,Home Goods,5.5,2026-02-09
BOX-Rack-G4-L1-P2,SKU-1004,Wireless Mouse,30,each,Electronics,0.3,2026-02-05
BOX-Rack-G4-L2-P1,SKU-1007,USB Cable Pack,128,pack,Electronics,0.2,2026-02-17
BOX-Rack-G4-L2-P1,SKU-1001,Laptop Computer,11,each,Electronics,5.5,2026-01-14
BOX-Rack-G4-L2-P3,SKU-2002,Blender,19,each,Home Goods,6.2,2026-01-14
BOX-Rack-G4-L3-P1,SKU-2004,Bedding Set Queen,7,set,Home Goods,7,2026-01-05
BOX-Rack-G4-L3-P1,SKU-1007,USB Cable Pack,97,pack,Electronics,0.2,2026-02-01
BOX-Rack-G4-L3-P3,SKU-1007,USB Cable Pack,97,pack,Electronics,0.2,2026-02-13
BOX-Rack-G4-L3-P3,SKU-2007,Cookware Set,13,set,Home Goods,15,2026-02-14
BOX-Rack-G5-L1-P1,SKU-1007,USB Cable Pack,148,pack,Electronics,0.2,2026-01-27
BOX-Rack-G5-L1-P1,SKU-1005,Keyboard,33,each,Electronics,1.8,2026-01-03
BOX-Rack-G5-L1-P2,SKU-1007,USB Cable Pack,60,pack,Electronics,0.2,2026-02-16
BOX-Rack-G5-L1-P3,SKU-1004,Wireless Mouse,85,each,Electronics,0.3,2026-01-18
BOX-Rack-G5-L2-P1,SKU-1009,Webcam HD,20,each,Electronics,0.8,2025-12-29
BOX-Rack-G5-L2-P3,SKU-1001,Laptop Computer,24,each,Electronics,5.5,2026-01-25
BOX-Rack-G5-L3-P2,SKU-1001,Laptop Computer,12,each,Electronics,5.5,2026-02-04
BOX-Rack-G5-L3-P3,SKU-2001,Coffee Maker,21,each,Home Goods,8.5,2026-01-07
BOX-Rack-G5-L3-P3,SKU-2005,Throw Pillows 4pk,32,pack,Home Goods,3.2,2026-01-19
BOX-Rack-G6-L1-P1,SKU-1003,Smartphone,59,each,Electronics,0.4,2026-02-07
BOX-Rack-G6-L1-P1,SKU-2002,Blender,38,each,Home Goods,6.2,2026-02-03
BOX-Rack-G6-L1-P2,SKU-2001,Coffee Maker,33,each,Home Goods,8.5,2026-01-21
BOX-Rack-G6-L1-P2,SKU-2002,Blender,36,each,Home Goods,6.2,2026-02-17
BOX-Rack-G6-L1-P3,SKU-1001,Laptop Computer,13,each,Electronics,5.5,2026-01-23
BOX-Rack-G6-L2-P1,SKU-2005,Throw Pillows 4pk,33,pack,Home Goods,3.2,2026-01-04
BOX-Rack-G6-L2-P1,SKU-1006,Monitor 24inch,28,each,Electronics,12,2026-01-19
BOX-Rack-G6-L3-P1,SKU-1006,Monitor 24inch,14,each,Electronics,12,2026-02-16
BOX-Rack-G6-L3-P2,SKU-1010,Power Bank,81,each,Electronics,0.9,2026-01-02
BOX-Rack-G6-L3-P2,SKU-1003,Smartphone,42,each,Electronics,0.4,2026-01-16
BOX-Rack-G6-L3-P3,SKU-1005,Keyboard,44,each,Electronics,1.8,2026-02-17
BOX-Rack-H1-L1-P1,SKU-2008,Dinner Plates 12pk,15,pack,Home Goods,8,2026-01-21
BOX-Rack-H1-L1-P1,SKU-2005,Throw Pillows 4pk,35,pack,Home Goods,3.2,2026-01-31
BOX-Rack-H1-L1-P2,SKU-1004,Wireless Mouse,69,each,Electronics,0.3,2026-01-25
BOX-Rack-H1-L1-P2,SKU-2006,Kitchen Knife Set,27,set,Home Goods,4.8,2026-01-03
BOX-Rack-H1-L1-P3,SKU-1004,Wireless Mouse,63,each,Electronics,0.3,2026-01-14
BOX-Rack-H1-L2-P1,SKU-1005,Keyboard,45,each,Electronics,1.8,2026-02-12
BOX-Rack-H1-L2-P2,SKU-2003,Toaster,13,each,Home Goods,4.5,2026-02-02
BOX-Rack-H1-L2-P2,SKU-1001,Laptop Computer,24,each,Electronics,5.5,2026-01-02
BOX-Rack-H1-L2-P3,SKU-1002,Tablet Device,35,each,Electronics,1.2,2025-12-28
BOX-Rack-H1-L3-P1,SKU-1010,Power Bank,48,each,Electronics,0.9,2026-01-28
BOX-Rack-H1-L3-P1,SKU-2003,Toaster,29,each,Home Goods,4.5,2026-01-29
BOX-Rack-H1-L3-P2,SKU-2002,Blender,30,each,Home Goods,6.2,2026-01-11
BOX-Rack-H1-L3-P2,SKU-1010,Power Bank,46,each,Electronics,0.9,2026-02-15
BOX-Rack-H2-L1-P2,SKU-2004,Bedding Set Queen,6,set,Home Goods,7,2026-01-14
BOX-Rack-H2-L1-P2,SKU-1004,Wireless Mouse,55,each,Electronics,0.3,2026-01-31
BOX-Rack-H2-L1-P3,SKU-1004,Wireless Mouse,92,each,Electronics,0.3,2025-12-26
BOX-Rack-H2-L1-P3,SKU-2006,Kitchen Knife Set,20,set,Home Goods,4.8,2026-01-22
BOX-Rack-H2-L2-P1,SKU-1002,Tablet Device,15,each,Electronics,1.2,2026-01-17
BOX-Rack-H2-L2-P2,SKU-1005,Keyboard,27,each,Electronics,1.8,2026-01-23
BOX-Rack-H2-L2-P2,SKU-2006,Kitchen Knife Set,14,set,Home Goods,4.8,2026-02-19
BOX-Rack-H2-L2-P3,SKU-1004,Wireless Mouse,35,each,Electronics,0.3,2025-12-28
BOX-Rack-H2-L3-P1,SKU-2009,Wall Clock,69,each,Home Goods,2.5,2026-02-03
BOX-Rack-H2-L3-P2,SKU-2008,Dinner Plates 12pk,43,pack,Home Goods,8,2026-02-18
BOX-Rack-H2-L3-P2,SKU-2002,Blender,12,each,Home Goods,6.2,2026-02-11
BOX-Rack-H2-L3-P3,SKU-1007,USB Cable Pack,61,pack,Electronics,0.2,2025-12-28
BOX-Rack-H3-L1-P1,SKU-1005,Keyboard,63,each,Electronics,1.8,2026-02-12
BOX-Rack-H3-L1-P1,SKU-1006,Monitor 24inch,25,each,Electronics,12,2026-02-11
BOX-Rack-H3-L1-P2,SKU-2005,Throw Pillows 4pk,56,pack,Home Goods,3.2,2026-01-02
BOX-Rack-H3-L1-P2,SKU-1005,Keyboard,54,each,Electronics,1.8,2026-01-25
BOX-Rack-H3-L1-P3,SKU-2006,Kitchen Knife Set,16,set,Home Goods,4.8,2026-01-09
BOX-Rack-H3-L2-P1,SKU-1004,Wireless Mouse,76,each,Electronics,0.3,2026-01-11
BOX-Rack-H3-L2-P1,SKU-1003,Smartphone,58,each,Electronics,0.4,2026-01-19
BOX-Rack-H3-L2-P3,SKU-1010,Power Bank,62,each,Electronics,0.9,2026-01-23
BOX-Rack-H3-L2-P3,SKU-1001,Laptop Computer,9,each,Electronics,5.5,2026-02-03
BOX-Rack-H3-L3-P1,SKU-1004,Wireless Mouse,52,each,Electronics,0.3,2026-02-18
BOX-Rack-H3-L3-P1,SKU-2001,Coffee Maker,25,each,Home Goods,8.5,2026-01-20
BOX-Rack-H3-L3-P2,SKU-1009,Webcam HD,21,each,Electronics,0.8,2026-01-03
BOX-Rack-H3-L3-P2,SKU-1005,Keyboard,53,each,Electronics,1.8,2026-01-09
BOX-Rack-H3-L3-P3,SKU-2002,Blender,17,each,Home Goods,6.2,2025-12-27
BOX-Rack-H3-L3-P3,SKU-1003,Smartphone,45,each,Electronics,0.4,2026-02-01
BOX-Rack-H4-L1-P1,SKU-1008,Headphones,62,each,Electronics,0.6,2026-01-15
BOX-Rack-H4-L1-P1,SKU-2003,Toaster,18,each,Home Goods,4.5,2026-02-16
BOX-Rack-H4-L1-P2,SKU-1003,Smartphone,28,each,Electronics,0.4,2026-01-31
BOX-Rack-H4-L1-P2,SKU-1004,Wireless Mouse,55,each,Electronics,0.3,2026-01-25
BOX-Rack-H4-L1-P3,SKU-1006,Monitor 24inch,29,each,Electronics,12,2026-02-18
BOX-Rack-H4-L2-P1,SKU-2003,Toaster,43,each,Home Goods,4.5,2026-02-10
BOX-Rack-H4-L2-P1,SKU-1004,Wireless Mouse,58,each,Electronics,0.3,2026-01-18
BOX-Rack-H4-L2-P3,SKU-1005,Keyboard,73,each,Electronics,1.8,2026-02-15
BOX-Rack-H4-L2-P3,SKU-1001,Laptop Computer,18,each,Electronics,5.5,2026-01-12
BOX-Rack-H4-L3-P1,SKU-1007,USB Cable Pack,110,pack,Electronics,0.2,2026-01-03
BOX-Rack-H4-L3-P1,SKU-2009,Wall Clock,61,each,Home Goods,2.5,2026-02-13
BOX-Rack-H4-L3-P2,SKU-1004,Wireless Mouse,57,each,Electronics,0.3,2026-01-31
BOX-Rack-H4-L3-P3,SKU-1004,Wireless Mouse,55,each,Electronics,0.3,2026-02-08
BOX-Rack-H4-L3-P3,SKU-1001,Laptop Computer,10,each,Electronics,5.5,2026-02-03
BOX-Rack-H5-L1-P1,SKU-1002,Tablet Device,20,each,Electronics,1.2,2026-01-08
BOX-Rack-H5-L1-P3,SKU-2008,Dinner Plates 12pk,19,pack,Home Goods,8,2026-01-09
BOX-Rack-H5-L2-P2,SKU-2008,Dinner Plates 12pk,38,pack,Home Goods,8,2026-01-30
BOX-Rack-H5-L2-P2,SKU-2007,Cookware Set,14,set,Home Goods,15,2025-12-25
BOX-Rack-H5-L2-P3,SKU-1006,Monitor 24inch,22,each,Electronics,12,2026-02-13
BOX-Rack-H5-L3-P1,SKU-2002,Blender,28,each,Home Goods,6.2,2026-01-12
BOX-Rack-H5-L3-P3,SKU-1001,Laptop Computer,18,each,Electronics,5.5,2026-01-31
BOX-Rack-H6-L1-P1,SKU-2003,Toaster,38,each,Home Goods,4.5,2026-02-09
BOX-Rack-H6-L1-P1,SKU-1003,Smartphone,21,each,Electronics,0.4,2026-01-08
BOX-Rack-H6-L1-P2,SKU-1003,Smartphone,29,each,Electronics,0.4,2026-01-10
BOX-Rack-H6-L1-P2,SKU-2002,Blender,36,each,Home Goods,6.2,2026-02-05
BOX-Rack-H6-L1-P3,SKU-1003,Smartphone,40,each,Electronics,0.4,2025-12-27
BOX-Rack-H6-L1-P3,SKU-1008,Headphones,65,each,Electronics,0.6,2026-01-31
BOX-Rack-H6-L2-P1,SKU-2003,Toaster,35,each,Home Goods,4.5,2026-02-04
BOX-Rack-H6-L2-P2,SKU-1004,Wireless Mouse,45,each,Electronics,0.3,2026-01-22
BOX-Rack-H6-L2-P2,SKU-2004,Bedding Set Queen,7,set,Home Goods,7,2026-01-30
BOX-Rack-H6-L2-P3,SKU-1002,Tablet Device,17,each,Electronics,1.2,2026-01-30
BOX-Rack-H6-L2-P3,SKU-1001,Laptop Computer,21,each,Electronics,5.5,2026-01-19
BOX-Rack-H6-L3-P1,SKU-1001,Laptop Computer,11,each,Electronics,5.5,2026-01-21
BOX-Rack-H6-L3-P2,SKU-2007,Cookware Set,21,set,Home Goods,15,2026-02-05
BOX-Rack-H6-L3-P3,SKU-1007,USB Cable Pack,97,pack,Electronics,0.2,2025-12-24
BOX-Rack-H6-L3-P3,SKU-1006,Monitor 24inch,20,each,Electronics,12,2026-01-04
BOX-Rack-I1-L1-P3,SKU-2002,Blender,18,each,Home Goods,6.2,2026-01-26
BOX-Rack-I1-L1-P3,SKU-2009,Wall Clock,51,each,Home Goods,2.5,2026-01-22
BOX-Rack-I1-L2-P1,SKU-2006,Kitchen Knife Set,28,set,Home Goods,4.8,2026-01-07
BOX-Rack-I1-L2-P1,SKU-1001,Laptop Computer,15,each,Electronics,5.5,2026-01-19
BOX-Rack-I1-L2-P3,SKU-2004,Bedding Set Queen,13,set,Home Goods,7,2026-01-23
BOX-Rack-I1-L3-P1,SKU-2001,Coffee Maker,33,each,Home Goods,8.5,2026-02-03
BOX-Rack-I1-L3-P1,SKU-1002,Tablet Device,17,each,Electronics,1.2,2026-01-03
BOX-Rack-I2-L1-P1,SKU-1010,Power Bank,79,each,Electronics,0.9,2026-01-12
BOX-Rack-I2-L1-P2,SKU-2010,Table Lamp,39,each,Home Goods,5.5,2025-12-31
BOX-Rack-I2-L2-P2,SKU-2005,Throw Pillows 4pk,59,pack,Home Goods,3.2,2026-01-19
BOX-Rack-I2-L2-P3,SKU-1002,Tablet Device,13,each,Electronics,1.2,2026-01-12
BOX-Rack-I2-L2-P3,SKU-1004,Wireless Mouse,53,each,Electronics,0.3,2026-01-04
BOX-Rack-I2-L3-P1,SKU-2003,Toaster,37,each,Home Goods,4.5,2026-01-06
BOX-Rack-I2-L3-P2,SKU-1007,USB Cable Pack,91,pack,Electronics,0.2,2026-02-12
BOX-Rack-I2-L3-P2,SKU-2010,Table Lamp,19,each,Home Goods,5.5,2025-12-29
BOX-Rack-I2-L3-P3,SKU-2006,Kitchen Knife Set,27,set,Home Goods,4.8,2025-12-22
BOX-Rack-I2-L3-P3,SKU-2003,Toaster,14,each,Home Goods,4.5,2025-12-25
BOX-Rack-I3-L1-P2,SKU-1001,Laptop Computer,13,each,Electronics,5.5,2026-01-13
BOX-Rack-I3-L1-P3,SKU-1003,Smartphone,20,each,Electronics,0.4,2025-12-31
BOX-Rack-I3-L1-P3,SKU-2006,Kitchen Knife Set,24,set,Home Goods,4.8,2026-01-20
BOX-Rack-I3-L2-P1,SKU-2004,Bedding Set Queen,19,set,Home Goods,7,2026-02-11
BOX-Rack-I3-L2-P1,SKU-1008,Headphones,73,each,Electronics,0.6,2026-01-25
BOX-Rack-I3-L2-P2,SKU-1008,Headphones,76,each,Electronics,0.6,2026-01-15
BOX-Rack-I3-L2-P3,SKU-2004,Bedding Set Queen,19,set,Home Goods,7,2026-02-03
BOX-Rack-I3-L2-P3,SKU-1009,Webcam HD,24,each,Electronics,0.8,2026-01-28
BOX-Rack-I3-L3-P1,SKU-1009,Webcam HD,23,each,Electronics,0.8,2026-02-17
BOX-Rack-I3-L3-P1,SKU-1001,Laptop Computer,17,each,Electronics,5.5,2026-01-12
BOX-Rack-I3-L3-P2,SKU-1004,Wireless Mouse,74,each,Electronics,0.3,2026-01-07
BOX-Rack-I3-L3-P3,SKU-1003,Smartphone,58,each,Electronics,0.4,2026-02-01
BOX-Rack-I3-L3-P3,SKU-2001,Coffee Maker,13,each,Home Goods,8.5,2026-02-05
BOX-Rack-I4-L1-P1,SKU-1001,Laptop Computer,15,each,Electronics,5.5,2026-01-10
BOX-Rack-I4-L1-P2,SKU-2001,Coffee Maker,29,each,Home Goods,8.5,2026-01-20
BOX-Rack-I4-L1-P2,SKU-1006,Monitor 24inch,14,each,Electronics,12,2025-12-31
BOX-Rack-I4-L1-P3,SKU-1010,Power Bank,71,each,Electronics,0.9,2026-02-14
BOX-Rack-I4-L2-P1,SKU-1008,Headphones,62,each,Electronics,0.6,2026-02-15
BOX-Rack-I4-L2-P2,SKU-1004,Wireless Mouse,59,each,Electronics,0.3,2026-02-03
BOX-Rack-I4-L2-P3,SKU-2004,Bedding Set Queen,16,set,Home Goods,7,2026-02-17
BOX-Rack-I4-L2-P3,SKU-1008,Headphones,68,each,Electronics,0.6,2026-01-28
BOX-Rack-I4-L3-P1,SKU-2001,Coffee Maker,26,each,Home Goods,8.5,2026-01-04
BOX-Rack-I4-L3-P1,SKU-1006,Monitor 24inch,21,each,Electronics,12,2026-01-20
BOX-Rack-I4-L3-P2,SKU-1010,Power Bank,47,each,Electronics,0.9,2026-01-30
BOX-Rack-I4-L3-P2,SKU-2003,Toaster,35,each,Home Goods,4.5,2026-01-09
BOX-Rack-I4-L3-P3,SKU-2005,Throw Pillows 4pk,25,pack,Home Goods,3.2,2026-01-02
BOX-Rack-I4-L3-P3,SKU-1007,USB Cable Pack,123,pack,Electronics,0.2,2026-01-25
BOX-Rack-I5-L1-P1,SKU-2008,Dinner Plates 12pk,34,pack,Home Goods,8,2026-02-14
BOX-Rack-I5-L1-P1,SKU-1004,Wireless Mouse,66,each,Electronics,0.3,2026-01-26
BOX-Rack-I5-L1-P2,SKU-1001,Laptop Computer,8,each,Electronics,5.5,2025-12-29
BOX-Rack-I5-L1-P3,SKU-2008,Dinner Plates 12pk,40,pack,Home Goods,8,2026-02-11
BOX-Rack-I5-L1-P3,SKU-1006,Monitor 24inch,13,each,Electronics,12,2026-02-11
BOX-Rack-I5-L2-P1,SKU-1001,Laptop Computer,17,each,Electronics,5.5,2026-01-12
BOX-Rack-I5-L2-P1,SKU-1002,Tablet Device,19,each,Electronics,1.2,2026-01-06
BOX-Rack-I5-L2-P2,SKU-1001,Laptop Computer,9,each,Electronics,5.5,2026-02-02
BOX-Rack-I5-L2-P3,SKU-1005,Keyboard,58,each,Electronics,1.8,2026-01-09
BOX-Rack-I5-L2-P3,SKU-2002,Blender,25,each,Home Goods,6.2,2026-01-23
BOX-Rack-I5-L3-P1,SKU-1006,Monitor 24inch,20,each,Electronics,12,2026-02-06
BOX-Rack-I5-L3-P1,SKU-2009,Wall Clock,40,each,Home Goods,2.5,2026-01-06
BOX-Rack-I5-L3-P2,SKU-2006,Kitchen Knife Set,19,set,Home Goods,4.8,2026-01-25
BOX-Rack-I5-L3-P2,SKU-1003,Smartphone,45,each,Electronics,0.4,2026-01-11
BOX-Rack-I6-L2-P1,SKU-1006,Monitor 24inch,12,each,Electronics,12,2026-01-03
BOX-Rack-I6-L2-P1,SKU-1007,USB Cable Pack,92,pack,Electronics,0.2,2026-02-16
BOX-Rack-I6-L2-P2,SKU-2005,Throw Pillows 4pk,22,pack,Home Goods,3.2,2026-02-14
BOX-Rack-I6-L2-P2,SKU-1009,Webcam HD,24,each,Electronics,0.8,2026-02-13
BOX-Rack-I6-L2-P3,SKU-2009,Wall Clock,39,each,Home Goods,2.5,2026-01-23
BOX-Rack-I6-L2-P3,SKU-1004,Wireless Mouse,62,each,Electronics,0.3,2025-12-30
BOX-Rack-I6-L3-P1,SKU-1010,Power Bank,92,each,Electronics,0.9,2026-01-13
BOX-Rack-I6-L3-P3,SKU-2003,Toaster,42,each,Home Goods,4.5,2026-01-24
BOX-Rack-J1-L1-P1,SKU-1001,Laptop Computer,19,each,Electronics,5.5,2026-01-25
BOX-Rack-J1-L1-P1,SKU-1002,Tablet Device,23,each,Electronics,1.2,2026-02-05
BOX-Rack-J1-L1-P2,SKU-1006,Monitor 24inch,25,each,Electronics,12,2026-02-19
BOX-Rack-J1-L2-P1,SKU-1002,Tablet Device,33,each,Electronics,1.2,2026-02-01
BOX-Rack-J1-L2-P1,SKU-2003,Toaster,30,each,Home Goods,4.5,2026-01-08
BOX-Rack-J1-L2-P2,SKU-2002,Blender,12,each,Home Goods,6.2,2026-02-19
BOX-Rack-J1-L2-P2,SKU-1004,Wireless Mouse,81,each,Electronics,0.3,2026-01-17
BOX-Rack-J1-L3-P1,SKU-2005,Throw Pillows 4pk,24,pack,Home Goods,3.2,2026-01-07
BOX-Rack-J1-L3-P2,SKU-1001,Laptop Computer,23,each,Electronics,5.5,2026-01-02
BOX-Rack-J1-L3-P2,SKU-1008,Headphones,73,each,Electronics,0.6,2026-02-16
BOX-Rack-J2-L1-P1,SKU-1010,Power Bank,78,each,Electronics,0.9,2026-01-17
BOX-Rack-J2-L1-P2,SKU-1009,Webcam HD,25,each,Electronics,0.8,2026-02-01
BOX-Rack-J2-L1-P2,SKU-1008,Headphones,81,each,Electronics,0.6,2025-12-28
BOX-Rack-J2-L1-P3,SKU-1001,Laptop Computer,19,each,Electronics,5.5,2026-02-15
BOX-Rack-J2-L2-P2,SKU-2006,Kitchen Knife Set,23,set,Home Goods,4.8,2026-01-01
BOX-Rack-J2-L2-P3,SKU-1003,Smartphone,48,each,Electronics,0.4,2026-02-15
BOX-Rack-J2-L2-P3,SKU-1008,Headphones,69,each,Electronics,0.6,2026-02-07
BOX-Rack-J2-L3-P1,SKU-2005,Throw Pillows 4pk,28,pack,Home Goods,3.2,2026-02-09
BOX-Rack-J2-L3-P2,SKU-2002,Blender,27,each,Home Goods,6.2,2026-01-14
BOX-Rack-J2-L3-P2,SKU-2003,Toaster,38,each,Home Goods,4.5,2026-02-12
BOX-Rack-J2-L3-P3,SKU-1008,Headphones,85,each,Electronics,0.6,2026-02-04
BOX-Rack-J2-L3-P3,SKU-2007,Cookware Set,11,set,Home Goods,15,2026-01-07
BOX-Rack-J3-L1-P1,SKU-1003,Smartphone,58,each,Electronics,0.4,2026-01-02
BOX-Rack-J3-L1-P2,SKU-2001,Coffee Maker,32,each,Home Goods,8.5,2026-01-08
BOX-Rack-J3-L1-P2,SKU-1005,Keyboard,41,each,Electronics,1.8,2026-02-16
BOX-Rack-J3-L1-P3,SKU-2002,Blender,27,each,Home Goods,6.2,2026-01-11
BOX-Rack-J3-L1-P3,SKU-1001,Laptop Computer,14,each,Electronics,5.5,2026-02-05
BOX-Rack-J3-L2-P1,SKU-1001,Laptop Computer,23,each,Electronics,5.5,2026-01-30
BOX-Rack-J3-L2-P3,SKU-1010,Power Bank,105,each,Electronics,0.9,2025-12-28
BOX-Rack-J3-L2-P3,SKU-1007,USB Cable Pack,46,pack,Electronics,0.2,2025-12-26
BOX-Rack-J3-L3-P1,SKU-2007,Cookware Set,23,set,Home Goods,15,2025-12-30
BOX-Rack-J3-L3-P1,SKU-1006,Monitor 24inch,25,each,Electronics,12,2026-02-19
BOX-Rack-J3-L3-P2,SKU-1009,Webcam HD,32,each,Electronics,0.8,2026-01-27
BOX-Rack-J4-L1-P2,SKU-1010,Power Bank,109,each,Electronics,0.9,2026-01-11
BOX-Rack-J4-L1-P3,SKU-2003,Toaster,32,each,Home Goods,4.5,2026-01-18
BOX-Rack-J4-L1-P3,SKU-1007,USB Cable Pack,140,pack,Electronics,0.2,2026-01-16
BOX-Rack-J4-L2-P2,SKU-2010,Table Lamp,30,each,Home Goods,5.5,2026-01-20
BOX-Rack-J4-L2-P2,SKU-2005,Throw Pillows 4pk,39,pack,Home Goods,3.2,2026-01-17
BOX-Rack-J4-L2-P3,SKU-2005,Throw Pillows 4pk,49,pack,Home Goods,3.2,2026-01-08
BOX-Rack-J4-L3-P1,SKU-1004,Wireless Mouse,83,each,Electronics,0.3,2026-01-31
BOX-Rack-J4-L3-P1,SKU-2005,Throw Pillows 4pk,23,pack,Home Goods,3.2,2026-02-05
BOX-Rack-J4-L3-P2,SKU-1007,USB Cable Pack,109,pack,Electronics,0.2,2026-01-13
BOX-Rack-J4-L3-P2,SKU-2002,Blender,27,each,Home Goods,6.2,2026-02-04
BOX-Rack-J4-L3-P3,SKU-2005,Throw Pillows 4pk,51,pack,Home Goods,3.2,2026-02-02
BOX-Rack-J5-L1-P1,SKU-2002,Blender,32,each,Home Goods,6.2,2026-01-06
BOX-Rack-J5-L1-P1,SKU-1002,Tablet Device,36,each,Electronics,1.2,2026-01-02
BOX-Rack-J5-L1-P2,SKU-1003,Smartphone,26,each,Electronics,0.4,2025-12-24
BOX-Rack-J5-L1-P2,SKU-1002,Tablet Device,18,each,Electronics,1.2,2026-02-15
BOX-Rack-J5-L1-P3,SKU-2006,Kitchen Knife Set,21,set,Home Goods,4.8,2026-01-22
BOX-Rack-J5-L1-P3,SKU-1003,Smartphone,57,each,Electronics,0.4,2026-02-05
BOX-Rack-J5-L2-P1,SKU-2001,Coffee Maker,33,each,Home Goods,8.5,2026-02-11
BOX-Rack-J5-L2-P1,SKU-2005,Throw Pillows 4pk,28,pack,Home Goods,3.2,2026-01-20
BOX-Rack-J5-L2-P2,SKU-1002,Tablet Device,24,each,Electronics,1.2,2026-01-22
BOX-Rack-J5-L2-P3,SKU-2006,Kitchen Knife Set,11,set,Home Goods,4.8,2026-02-08
BOX-Rack-J5-L2-P3,SKU-1006,Monitor 24inch,25,each,Electronics,12,2026-01-24
BOX-Rack-J5-L3-P1,SKU-2006,Kitchen Knife Set,13,set,Home Goods,4.8,2025-12-30
BOX-Rack-J5-L3-P2,SKU-2009,Wall Clock,63,each,Home Goods,2.5,2026-01-29
BOX-Rack-J5-L3-P3,SKU-2002,Blender,22,each,Home Goods,6.2,2026-02-13
BOX-Rack-J5-L3-P3,SKU-2008,Dinner Plates 12pk,32,pack,Home Goods,8,2026-01-10
BOX-Rack-J6-L1-P1,SKU-2005,Throw Pillows 4pk,57,pack,Home Goods,3.2,2026-01-09
BOX-Rack-J6-L1-P1,SKU-1008,Headphones,85,each,Electronics,0.6,2026-01-08
BOX-Rack-J6-L1-P2,SKU-2007,Cookware Set,13,set,Home Goods,15,2026-01-02
BOX-Rack-J6-L1-P2,SKU-1004,Wireless Mouse,82,each,Electronics,0.3,2026-01-12
BOX-Rack-J6-L2-P1,SKU-2009,Wall Clock,47,each,Home Goods,2.5,2026-01-26
BOX-Rack-J6-L2-P2,SKU-1003,Smartphone,38,each,Electronics,0.4,2026-01-22
BOX-Rack-J6-L2-P2,SKU-2010,Table Lamp,53,each,Home Goods,5.5,2025-12-29
BOX-Rack-J6-L3-P1,SKU-1005,Keyboard,41,each,Electronics,1.8,2026-01-18
BOX-Rack-J6-L3-P2,SKU-1001,Laptop Computer,12,each,Electronics,5.5,2026-01-06
BOX-Rack-J6-L3-P3,SKU-1001,Laptop Computer,11,each,Electronics,5.5,2026-01-30
BOX-Rack-H1-B-L1-P1,SKU-2002,Blender,34,each,Home Goods,6.2,2026-02-14
BOX-Rack-H1-B-L1-P3,SKU-1008,Headphones,88,each,Electronics,0.6,2026-02-11
BOX-Rack-H1-B-L1-P3,SKU-2005,Throw Pillows 4pk,47,pack,Home Goods,3.2,2025-12-29
BOX-Rack-H1-B-L2-P1,SKU-1006,Monitor 24inch,10,each,Electronics,12,2026-02-08
BOX-Rack-H1-B-L2-P2,SKU-1002,Tablet Device,18,each,Electronics,1.2,2026-01-23
BOX-Rack-H1-B-L2-P3,SKU-1002,Tablet Device,16,each,Electronics,1.2,2026-01-31
BOX-Rack-H1-B-L3-P1,SKU-2003,Toaster,18,each,Home Goods,4.5,2026-02-18
BOX-Rack-H1-B-L3-P1,SKU-2009,Wall Clock,35,each,Home Goods,2.5,2026-01-31
BOX-Rack-H1-B-L3-P2,SKU-1002,Tablet Device,23,each,Electronics,1.2,2026-01-01
BOX-Rack-H1-B-L3-P2,SKU-1004,Wireless Mouse,72,each,Electronics,0.3,2026-02-07
BOX-Rack-H1-B-L3-P3,SKU-1007,USB Cable Pack,136,pack,Electronics,0.2,2026-01-06
BOX-Rack-H1-B-L3-P3,SKU-1001,Laptop Computer,14,each,Electronics,5.5,2026-01-30
BOX-Rack-H2-B-L1-P1,SKU-2004,Bedding Set Queen,12,set,Home Goods,7,2025-12-31
BOX-Rack-H2-B-L1-P3,SKU-1005,Keyboard,40,each,Electronics,1.8,2026-01-07
BOX-Rack-H2-B-L1-P3,SKU-2006,Kitchen Knife Set,18,set,Home Goods,4.8,2026-02-17
BOX-Rack-H2-B-L2-P1,SKU-2001,Coffee Maker,27,each,Home Goods,8.5,2026-01-23
BOX-Rack-H2-B-L2-P2,SKU-2004,Bedding Set Queen,14,set,Home Goods,7,2025-12-31
BOX-Rack-H2-B-L2-P2,SKU-1004,Wireless Mouse,60,each,Electronics,0.3,2026-02-07
BOX-Rack-H2-B-L2-P3,SKU-2004,Bedding Set Queen,18,set,Home Goods,7,2026-02-06
BOX-Rack-H2-B-L2-P3,SKU-2001,Coffee Maker,24,each,Home Goods,8.5,2026-01-05
BOX-Rack-H2-B-L3-P1,SKU-1007,USB Cable Pack,80,pack,Electronics,0.2,2026-02-15
BOX-Rack-H2-B-L3-P2,SKU-1005,Keyboard,79,each,Electronics,1.8,2026-01-28
BOX-Rack-H2-B-L3-P3,SKU-1006,Monitor 24inch,29,each,Electronics,12,2026-01-16
BOX-Rack-H2-B-L3-P3,SKU-2009,Wall Clock,53,each,Home Goods,2.5,2026-02-15
BOX-Rack-H3-B-L1-P1,SKU-2001,Coffee Maker,14,each,Home Goods,8.5,2026-01-30
BOX-Rack-H3-B-L1-P2,SKU-2008,Dinner Plates 12pk,47,pack,Home Goods,8,2025-12-22
BOX-Rack-H3-B-L1-P2,SKU-1008,Headphones,33,each,Electronics,0.6,2026-02-02
BOX-Rack-H3-B-L1-P3,SKU-1002,Tablet Device,31,each,Electronics,1.2,2026-01-18
BOX-Rack-H3-B-L2-P1,SKU-1003,Smartphone,34,each,Electronics,0.4,2026-01-26
BOX-Rack-H3-B-L2-P2,SKU-1005,Keyboard,28,each,Electronics,1.8,2026-02-15
BOX-Rack-H3-B-L2-P2,SKU-2006,Kitchen Knife Set,18,set,Home Goods,4.8,2026-01-16
BOX-Rack-H3-B-L2-P3,SKU-1006,Monitor 24inch,24,each,Electronics,12,2026-01-28
BOX-Rack-H3-B-L2-P3,SKU-1008,Headphones,60,each,Electronics,0.6,2026-02-09
BOX-Rack-H3-B-L3-P1,SKU-1009,Webcam HD,36,each,Electronics,0.8,2026-01-31
BOX-Rack-H3-B-L3-P2,SKU-1005,Keyboard,32,each,Electronics,1.8,2026-01-09
BOX-Rack-H3-B-L3-P3,SKU-1008,Headphones,61,each,Electronics,0.6,2025-12-31
BOX-Rack-H3-B-L3-P3,SKU-1006,Monitor 24inch,23,each,Electronics,12,2026-02-01
BOX-Rack-H4-B-L1-P1,SKU-1001,Laptop Computer,20,each,Electronics,5.5,2025-12-28
BOX-Rack-H4-B-L1-P2,SKU-1004,Wireless Mouse,39,each,Electronics,0.3,2026-01-29
BOX-Rack-H4-B-L1-P2,SKU-2005,Throw Pillows 4pk,19,pack,Home Goods,3.2,2025-12-31
BOX-Rack-H4-B-L1-P3,SKU-1005,Keyboard,44,each,Electronics,1.8,2026-01-09
BOX-Rack-H4-B-L2-P2,SKU-2003,Toaster,28,each,Home Goods,4.5,2026-02-11
BOX-Rack-H4-B-L2-P3,SKU-1006,Monitor 24inch,11,each,Electronics,12,2026-01-16
BOX-Rack-H4-B-L3-P2,SKU-2002,Blender,38,each,Home Goods,6.2,2026-01-01
BOX-Rack-H4-B-L3-P3,SKU-2007,Cookware Set,21,set,Home Goods,15,2026-01-04
BOX-Rack-H4-B-L3-P3,SKU-1008,Headphones,73,each,Electronics,0.6,2026-02-06
BOX-Rack-H5-B-L1-P2,SKU-1002,Tablet Device,31,each,Electronics,1.2,2026-02-18
BOX-Rack-H5-B-L1-P2,SKU-1004,Wireless Mouse,38,each,Electronics,0.3,2026-02-04
BOX-Rack-H5-B-L1-P3,SKU-2009,Wall Clock,52,each,Home Goods,2.5,2026-02-02
BOX-Rack-H5-B-L2-P1,SKU-2010,Table Lamp,32,each,Home Goods,5.5,2026-01-21
BOX-Rack-H5-B-L2-P3,SKU-1008,Headphones,59,each,Electronics,0.6,2026-02-09
BOX-Rack-H5-B-L2-P3,SKU-1001,Laptop Computer,23,each,Electronics,5.5,2026-02-18
BOX-Rack-H5-B-L3-P1,SKU-2004,Bedding Set Queen,6,set,Home Goods,7,2026-01-12
BOX-Rack-H5-B-L3-P1,SKU-1007,USB Cable Pack,95,pack,Electronics,0.2,2025-12-30
BOX-Rack-H5-B-L3-P2,SKU-1008,Headphones,39,each,Electronics,0.6,2026-01-06
BOX-Rack-H5-B-L3-P2,SKU-1007,USB Cable Pack,135,pack,Electronics,0.2,2026-01-02
BOX-Rack-H5-B-L3-P3,SKU-2003,Toaster,42,each,Home Goods,4.5,2026-02-05
BOX-Rack-H6-B-L1-P1,SKU-2004,Bedding Set Queen,6,set,Home Goods,7,2026-02-19
BOX-Rack-H6-B-L1-P1,SKU-1001,Laptop Computer,14,each,Electronics,5.5,2026-02-03
BOX-Rack-H6-B-L1-P2,SKU-2009,Wall Clock,67,each,Home Goods,2.5,2026-02-14
BOX-Rack-H6-B-L1-P2,SKU-2003,Toaster,39,each,Home Goods,4.5,2025-12-23
BOX-Rack-H6-B-L1-P3,SKU-1001,Laptop Computer,18,each,Electronics,5.5,2026-01-23
BOX-Rack-H6-B-L2-P1,SKU-1005,Keyboard,46,each,Electronics,1.8,2026-01-08
BOX-Rack-H6-B-L2-P1,SKU-1004,Wireless Mouse,68,each,Electronics,0.3,2026-01-08
BOX-Rack-H6-B-L2-P3,SKU-1005,Keyboard,60,each,Electronics,1.8,2026-02-15
BOX-Rack-H6-B-L3-P2,SKU-1003,Smartphone,45,each,Electronics,0.4,2026-02-04
BOX-Rack-H6-B-L3-P3,SKU-2009,Wall Clock,36,each,Home Goods,2.5,2026-02-02
BOX-Rack-K1-L1-P1,SKU-2005,Throw Pillows 4pk,46,pack,Home Goods,3.2,2025-12-22
BOX-Rack-K1-L1-P1,SKU-1007,USB Cable Pack,133,pack,Electronics,0.2,2026-01-12
BOX-Rack-K1-L2-P1,SKU-1001,Laptop Computer,18,each,Electronics,5.5,2025-12-27
BOX-Rack-K1-L2-P1,SKU-1009,Webcam HD,16,each,Electronics,0.8,2026-01-18
BOX-Rack-K1-L2-P2,SKU-2008,Dinner Plates 12pk,44,pack,Home Goods,8,2026-02-13
BOX-Rack-K1-L2-P2,SKU-1001,Laptop Computer,10,each,Electronics,5.5,2025-12-23
BOX-Rack-K1-L2-P3,SKU-2007,Cookware Set,17,set,Home Goods,15,2026-01-14
BOX-Rack-K1-L3-P1,SKU-1002,Tablet Device,38,each,Electronics,1.2,2026-01-13
BOX-Rack-K1-L3-P3,SKU-1008,Headphones,62,each,Electronics,0.6,2026-01-22
BOX-Rack-K2-L1-P1,SKU-1004,Wireless Mouse,94,each,Electronics,0.3,2026-01-20
BOX-Rack-K2-L1-P2,SKU-2005,Throw Pillows 4pk,37,pack,Home Goods,3.2,2026-02-19
BOX-Rack-K2-L1-P3,SKU-2008,Dinner Plates 12pk,19,pack,Home Goods,8,2026-01-09
BOX-Rack-K2-L1-P3,SKU-1001,Laptop Computer,10,each,Electronics,5.5,2026-01-31
BOX-Rack-K2-L2-P1,SKU-2010,Table Lamp,42,each,Home Goods,5.5,2026-01-13
BOX-Rack-K2-L2-P2,SKU-1006,Monitor 24inch,10,each,Electronics,12,2026-01-12
BOX-Rack-K2-L2-P3,SKU-1001,Laptop Computer,10,each,Electronics,5.5,2026-01-16
BOX-Rack-K2-L3-P2,SKU-1002,Tablet Device,23,each,Electronics,1.2,2026-02-11
BOX-Rack-K2-L3-P2,SKU-1005,Keyboard,30,each,Electronics,1.8,2026-02-07
BOX-Rack-K2-L3-P3,SKU-1007,USB Cable Pack,70,pack,Electronics,0.2,2026-01-22
BOX-Rack-K3-L1-P1,SKU-1009,Webcam HD,39,each,Electronics,0.8,2026-02-02
BOX-Rack-K3-L1-P1,SKU-2003,Toaster,25,each,Home Goods,4.5,2026-02-12
BOX-Rack-K3-L1-P2,SKU-1007,USB Cable Pack,119,pack,Electronics,0.2,2026-01-27
BOX-Rack-K3-L1-P2,SKU-1010,Power Bank,43,each,Electronics,0.9,2026-02-12
BOX-Rack-K3-L1-P3,SKU-1002,Tablet Device,35,each,Electronics,1.2,2026-02-08
BOX-Rack-K3-L2-P1,SKU-1001,Laptop Computer,10,each,Electronics,5.5,2025-12-25
BOX-Rack-K3-L2-P2,SKU-1001,Laptop Computer,17,each,Electronics,5.5,2025-12-22
BOX-Rack-K3-L2-P3,SKU-1004,Wireless Mouse,41,each,Electronics,0.3,2026-01-21
BOX-Rack-K3-L2-P3,SKU-2004,Bedding Set Queen,7,set,Home Goods,7,2026-01-04
BOX-Rack-K3-L3-P2,SKU-2007,Cookware Set,9,set,Home Goods,15,2026-01-11
BOX-Rack-K3-L3-P3,SKU-1008,Headphones,82,each,Electronics,0.6,2026-02-15
BOX-Rack-K3-L3-P3,SKU-1001,Laptop Computer,21,each,Electronics,5.5,2026-01-16
BOX-Rack-K4-L1-P1,SKU-2007,Cookware Set,16,set,Home Goods,15,2026-01-29
BOX-Rack-K4-L1-P1,SKU-1003,Smartphone,22,each,Electronics,0.4,2026-01-01
BOX-Rack-K4-L1-P2,SKU-2003,Toaster,40,each,Home Goods,4.5,2026-01-02
BOX-Rack-K4-L2-P1,SKU-1010,Power Bank,44,each,Electronics,0.9,2026-01-22
BOX-Rack-K4-L2-P1,SKU-2003,Toaster,34,each,Home Goods,4.5,2026-01-31
BOX-Rack-K4-L2-P2,SKU-2006,Kitchen Knife Set,24,set,Home Goods,4.8,2026-01-25
BOX-Rack-K4-L2-P2,SKU-1008,Headphones,39,each,Electronics,0.6,2026-02-16
BOX-Rack-K4-L2-P3,SKU-1005,Keyboard,69,each,Electronics,1.8,2026-01-09
BOX-Rack-K4-L2-P3,SKU-1006,Monitor 24inch,19,each,Electronics,12,2026-02-13
BOX-Rack-K4-L3-P1,SKU-2010,Table Lamp,52,each,Home Goods,5.5,2026-02-15
BOX-Rack-K4-L3-P2,SKU-2005,Throw Pillows 4pk,33,pack,Home Goods,3.2,2026-01-25
BOX-Rack-K4-L3-P2,SKU-2004,Bedding Set Queen,7,set,Home Goods,7,2026-01-29
BOX-Rack-K4-L3-P3,SKU-1008,Headphones,64,each,Electronics,0.6,2025-12-31
BOX-Rack-K4-L3-P3,SKU-1007,USB Cable Pack,93,pack,Electronics,0.2,2026-01-17
BOX-Rack-K5-L1-P1,SKU-1006,Monitor 24inch,24,each,Electronics,12,2026-01-06
BOX-Rack-K5-L1-P2,SKU-2001,Coffee Maker,16,each,Home Goods,8.5,2026-02-11
BOX-Rack-K5-L1-P2,SKU-2008,Dinner Plates 12pk,44,pack,Home Goods,8,2026-02-17
BOX-Rack-K5-L1-P3,SKU-1009,Webcam HD,42,each,Electronics,0.8,2025-12-22
BOX-Rack-K5-L1-P3,SKU-1004,Wireless Mouse,75,each,Electronics,0.3,2026-01-14
BOX-Rack-K5-L2-P1,SKU-1010,Power Bank,44,each,Electronics,0.9,2025-12-23
BOX-Rack-K5-L2-P2,SKU-1006,Monitor 24inch,23,each,Electronics,12,2025-12-23
BOX-Rack-K5-L3-P1,SKU-2008,Dinner Plates 12pk,41,pack,Home Goods,8,2026-02-19
BOX-Rack-K5-L3-P2,SKU-2007,Cookware Set,22,set,Home Goods,15,2026-01-25
BOX-Rack-K5-L3-P3,SKU-1006,Monitor 24inch,21,each,Electronics,12,2026-02-08
BOX-Rack-K5-L3-P3,SKU-2008,Dinner Plates 12pk,30,pack,Home Goods,8,2026-02-10
BOX-Rack-K6-L1-P1,SKU-1001,Laptop Computer,14,each,Electronics,5.5,2026-02-09
BOX-Rack-K6-L1-P3,SKU-1001,Laptop Computer,15,each,Electronics,5.5,2025-12-24
BOX-Rack-K6-L1-P3,SKU-1002,Tablet Device,32,each,Electronics,1.2,2026-02-17
BOX-Rack-K6-L2-P1,SKU-1003,Smartphone,31,each,Electronics,0.4,2026-01-09
BOX-Rack-K6-L2-P3,SKU-1006,Monitor 24inch,25,each,Electronics,12,2025-12-27
BOX-Rack-K6-L2-P3,SKU-1001,Laptop Computer,18,each,Electronics,5.5,2026-01-27
BOX-Rack-K6-L3-P3,SKU-2006,Kitchen Knife Set,20,set,Home Goods,4.8,2026-01-24
BOX-Rack-L1-L1-P1,SKU-2009,Wall Clock,43,each,Home Goods,2.5,2026-02-05
BOX-Rack-L1-L1-P2,SKU-2003,Toaster,29,each,Home Goods,4.5,2026-01-24
BOX-Rack-L1-L2-P1,SKU-2009,Wall Clock,29,each,Home Goods,2.5,2026-02-16
BOX-Rack-L1-L2-P2,SKU-2004,Bedding Set Queen,15,set,Home Goods,7,2025-12-26
BOX-Rack-L1-L3-P1,SKU-2006,Kitchen Knife Set,20,set,Home Goods,4.8,2026-01-11
BOX-Rack-L2-L1-P1,SKU-1005,Keyboard,61,each,Electronics,1.8,2025-12-28
BOX-Rack-L2-L1-P1,SKU-1004,Wireless Mouse,87,each,Electronics,0.3,2026-01-11
BOX-Rack-L2-L1-P3,SKU-1001,Laptop Computer,19,each,Electronics,5.5,2026-01-30
BOX-Rack-L2-L2-P1,SKU-2003,Toaster,40,each,Home Goods,4.5,2026-02-19
BOX-Rack-L2-L2-P1,SKU-1006,Monitor 24inch,11,each,Electronics,12,2026-01-12
BOX-Rack-L2-L2-P3,SKU-1001,Laptop Computer,7,each,Electronics,5.5,2026-02-06
BOX-Rack-L2-L2-P3,SKU-1007,USB Cable Pack,89,pack,Electronics,0.2,2026-01-26
BOX-Rack-L2-L3-P1,SKU-2005,Throw Pillows 4pk,51,pack,Home Goods,3.2,2026-02-17
BOX-Rack-L2-L3-P1,SKU-1002,Tablet Device,19,each,Electronics,1.2,2026-02-02
BOX-Rack-L2-L3-P2,SKU-1005,Keyboard,74,each,Electronics,1.8,2026-02-09
BOX-Rack-L2-L3-P3,SKU-1006,Monitor 24inch,25,each,Electronics,12,2026-02-11
BOX-Rack-L2-L3-P3,SKU-1005,Keyboard,68,each,Electronics,1.8,2025-12-22
BOX-Rack-L3-L1-P1,SKU-2003,Toaster,33,each,Home Goods,4.5,2026-02-09
BOX-Rack-L3-L1-P1,SKU-1002,Tablet Device,36,each,Electronics,1.2,2026-02-18
BOX-Rack-L3-L1-P2,SKU-1007,USB Cable Pack,71,pack,Electronics,0.2,2026-01-20
BOX-Rack-L3-L2-P1,SKU-1001,Laptop Computer,17,each,Electronics,5.5,2026-02-04
BOX-Rack-L3-L2-P2,SKU-1005,Keyboard,77,each,Electronics,1.8,2026-01-08
BOX-Rack-L3-L3-P1,SKU-1004,Wireless Mouse,32,each,Electronics,0.3,2026-01-02
BOX-Rack-L3-L3-P1,SKU-1001,Laptop Computer,16,each,Electronics,5.5,2026-01-13
BOX-Rack-L3-L3-P2,SKU-1004,Wireless Mouse,52,each,Electronics,0.3,2026-02-16
BOX-Rack-L4-L1-P2,SKU-1007,USB Cable Pack,101,pack,Electronics,0.2,2026-01-03
BOX-Rack-L4-L1-P3,SKU-1003,Smartphone,54,each,Electronics,0.4,2025-12-23
BOX-Rack-L4-L2-P1,SKU-2006,Kitchen Knife Set,26,set,Home Goods,4.8,2026-02-06
BOX-Rack-L4-L2-P3,SKU-2003,Toaster,28,each,Home Goods,4.5,2026-01-24
BOX-Rack-L4-L2-P3,SKU-1010,Power Bank,106,each,Electronics,0.9,2026-01-24
BOX-Rack-L4-L3-P1,SKU-1008,Headphones,53,each,Electronics,0.6,2025-12-31
BOX-Rack-L4-L3-P2,SKU-1003,Smartphone,22,each,Electronics,0.4,2026-01-28
BOX-Rack-L4-L3-P2,SKU-2005,Throw Pillows 4pk,41,pack,Home Goods,3.2,2026-01-03
BOX-Rack-L4-L3-P3,SKU-1004,Wireless Mouse,89,each,Electronics,0.3,2025-12-28
BOX-Rack-L4-L3-P3,SKU-2004,Bedding Set Queen,9,set,Home Goods,7,2026-02-06
BOX-Rack-L5-L1-P1,SKU-1002,Tablet Device,14,each,Electronics,1.2,2026-02-06
BOX-Rack-L5-L1-P2,SKU-1008,Headphones,80,each,Electronics,0.6,2026-01-23
BOX-Rack-L5-L1-P3,SKU-1007,USB Cable Pack,110,pack,Electronics,0.2,2026-01-25
BOX-Rack-L5-L2-P1,SKU-2006,Kitchen Knife Set,29,set,Home Goods,4.8,2026-01-09
BOX-Rack-L5-L2-P2,SKU-2010,Table Lamp,39,each,Home Goods,5.5,2026-01-21
BOX-Rack-L5-L2-P2,SKU-1006,Monitor 24inch,11,each,Electronics,12,2025-12-24
BOX-Rack-L5-L2-P3,SKU-1008,Headphones,40,each,Electronics,0.6,2026-02-08
BOX-Rack-L5-L3-P1,SKU-1001,Laptop Computer,16,each,Electronics,5.5,2025-12-22
BOX-Rack-L5-L3-P2,SKU-1008,Headphones,28,each,Electronics,0.6,2026-02-07
BOX-Rack-L5-L3-P3,SKU-1006,Monitor 24inch,19,each,Electronics,12,2026-01-29
BOX-Rack-L5-L3-P3,SKU-1001,Laptop Computer,10,each,Electronics,5.5,2025-12-29
BOX-Rack-L6-L1-P1,SKU-1008,Headphones,85,each,Electronics,0.6,2026-02-08
BOX-Rack-L6-L1-P2,SKU-1001,Laptop Computer,22,each,Electronics,5.5,2026-02-01
BOX-Rack-L6-L1-P2,SKU-1004,Wireless Mouse,58,each,Electronics,0.3,2026-01-20
BOX-Rack-L6-L1-P3,SKU-1001,Laptop Computer,15,each,Electronics,5.5,2026-02-11
BOX-Rack-L6-L1-P3,SKU-1002,Tablet Device,33,each,Electronics,1.2,2026-02-01
BOX-Rack-L6-L2-P1,SKU-1007,USB Cable Pack,61,pack,Electronics,0.2,2026-01-09
BOX-Rack-L6-L2-P3,SKU-1003,Smartphone,54,each,Electronics,0.4,2026-02-19
BOX-Rack-L6-L3-P1,SKU-2002,Blender,37,each,Home Goods,6.2,2026-01-22
BOX-Rack-L6-L3-P1,SKU-2006,Kitchen Knife Set,16,set,Home Goods,4.8,2026-01-28
BOX-Rack-L6-L3-P3,SKU-1003,Smartphone,23,each,Electronics,0.4,2026-01-15
BOX-Rack-L6-L3-P3,SKU-1002,Tablet Device,35,each,Electronics,1.2,2026-02-19
BOX-Rack-M1-L1-P1,SKU-2006,Kitchen Knife Set,13,set,Home Goods,4.8,2026-01-07
BOX-Rack-M1-L1-P1,SKU-2007,Cookware Set,10,set,Home Goods,15,2025-12-27
BOX-Rack-M1-L1-P2,SKU-2004,Bedding Set Queen,19,set,Home Goods,7,2026-01-14
BOX-Rack-M1-L1-P2,SKU-1003,Smartphone,33,each,Electronics,0.4,2026-01-16
BOX-Rack-M1-L1-P3,SKU-2010,Table Lamp,22,each,Home Goods,5.5,2026-01-25
BOX-Rack-M1-L2-P1,SKU-1008,Headphones,50,each,Electronics,0.6,2025-12-28
BOX-Rack-M1-L2-P1,SKU-1007,USB Cable Pack,139,pack,Electronics,0.2,2026-01-25
BOX-Rack-M1-L2-P2,SKU-1007,USB Cable Pack,112,pack,Electronics,0.2,2026-02-18
BOX-Rack-M1-L2-P2,SKU-1003,Smartphone,27,each,Electronics,0.4,2026-02-05
BOX-Rack-M1-L2-P3,SKU-1002,Tablet Device,16,each,Electronics,1.2,2026-01-22
BOX-Rack-M1-L2-P3,SKU-2003,Toaster,27,each,Home Goods,4.5,2026-01-30
BOX-Rack-M1-L3-P1,SKU-2004,Bedding Set Queen,10,set,Home Goods,7,2026-02-19
BOX-Rack-M1-L3-P3,SKU-1004,Wireless Mouse,71,each,Electronics,0.3,2026-02-09
BOX-Rack-M1-L3-P3,SKU-2002,Blender,26,each,Home Goods,6.2,2026-01-27
BOX-Rack-M2-L1-P1,SKU-1007,USB Cable Pack,83,pack,Electronics,0.2,2026-01-11
BOX-Rack-M2-L1-P2,SKU-2006,Kitchen Knife Set,22,set,Home Goods,4.8,2026-02-08
BOX-Rack-M2-L2-P1,SKU-1004,Wireless Mouse,37,each,Electronics,0.3,2026-01-15
BOX-Rack-M2-L2-P1,SKU-2006,Kitchen Knife Set,26,set,Home Goods,4.8,2025-12-29
BOX-Rack-M2-L2-P2,SKU-1001,Laptop Computer,8,each,Electronics,5.5,2025-12-30
BOX-Rack-M2-L2-P3,SKU-1008,Headphones,85,each,Electronics,0.6,2026-01-08
BOX-Rack-M2-L3-P1,SKU-1007,USB Cable Pack,52,pack,Electronics,0.2,2026-02-03
BOX-Rack-M2-L3-P1,SKU-1004,Wireless Mouse,49,each,Electronics,0.3,2026-02-18
BOX-Rack-M2-L3-P2,SKU-1002,Tablet Device,35,each,Electronics,1.2,2026-02-09
BOX-Rack-M2-L3-P2,SKU-1003,Smartphone,22,each,Electronics,0.4,2026-02-04
BOX-Rack-M2-L3-P3,SKU-1003,Smartphone,35,each,Electronics,0.4,2026-01-03
BOX-Rack-M3-L1-P1,SKU-1001,Laptop Computer,24,each,Electronics,5.5,2026-01-03
BOX-Rack-M3-L1-P1,SKU-1004,Wireless Mouse,31,each,Electronics,0.3,2026-02-02
BOX-Rack-M3-L1-P2,SKU-1003,Smartphone,20,each,Electronics,0.4,2026-01-04
BOX-Rack-M3-L1-P2,SKU-1002,Tablet Device,21,each,Electronics,1.2,2026-02-11
BOX-Rack-M3-L1-P3,SKU-2001,Coffee Maker,32,each,Home Goods,8.5,2026-02-04
BOX-Rack-M3-L2-P2,SKU-1007,USB Cable Pack,140,pack,Electronics,0.2,2026-01-10
BOX-Rack-M3-L2-P2,SKU-1006,Monitor 24inch,23,each,Electronics,12,2026-01-01
BOX-Rack-M3-L2-P3,SKU-1001,Laptop Computer,20,each,Electronics,5.5,2026-02-04
BOX-Rack-M3-L2-P3,SKU-2002,Blender,22,each,Home Goods,6.2,2026-01-11
BOX-Rack-M3-L3-P1,SKU-1004,Wireless Mouse,41,each,Electronics,0.3,2026-01-29
BOX-Rack-M3-L3-P1,SKU-2002,Blender,21,each,Home Goods,6.2,2026-01-05
BOX-Rack-M3-L3-P3,SKU-1001,Laptop Computer,24,each,Electronics,5.5,2026-01-01
BOX-Rack-M3-L3-P3,SKU-1007,USB Cable Pack,70,pack,Electronics,0.2,2026-01-23
BOX-Rack-M4-L1-P1,SKU-1008,Headphones,45,each,Electronics,0.6,2026-01-17
BOX-Rack-M4-L1-P1,SKU-1004,Wireless Mouse,97,each,Electronics,0.3,2025-12-30
BOX-Rack-M4-L1-P2,SKU-2008,Dinner Plates 12pk,33,pack,Home Goods,8,2026-02-04
BOX-Rack-M4-L1-P3,SKU-1010,Power Bank,65,each,Electronics,0.9,2026-01-31
BOX-Rack-M4-L2-P1,SKU-1003,Smartphone,57,each,Electronics,0.4,2026-01-19
BOX-Rack-M4-L2-P2,SKU-1004,Wireless Mouse,41,each,Electronics,0.3,2026-01-19
BOX-Rack-M4-L2-P2,SKU-2002,Blender,25,each,Home Goods,6.2,2026-02-16
BOX-Rack-M4-L3-P2,SKU-1005,Keyboard,52,each,Electronics,1.8,2026-01-10
BOX-Rack-M4-L3-P2,SKU-1003,Smartphone,44,each,Electronics,0.4,2026-02-03
BOX-Rack-M5-L1-P1,SKU-2003,Toaster,31,each,Home Goods,4.5,2026-01-08
BOX-Rack-M5-L1-P3,SKU-1004,Wireless Mouse,79,each,Electronics,0.3,2026-01-24
BOX-Rack-M5-L2-P1,SKU-1009,Webcam HD,28,each,Electronics,0.8,2026-01-05
BOX-Rack-M5-L2-P2,SKU-1007,USB Cable Pack,94,pack,Electronics,0.2,2026-01-07
BOX-Rack-M5-L2-P3,SKU-1001,Laptop Computer,19,each,Electronics,5.5,2026-01-30
BOX-Rack-M5-L3-P1,SKU-2006,Kitchen Knife Set,28,set,Home Goods,4.8,2026-02-04
BOX-Rack-M5-L3-P2,SKU-1010,Power Bank,109,each,Electronics,0.9,2025-12-28
BOX-Rack-M5-L3-P2,SKU-1003,Smartphone,47,each,Electronics,0.4,2026-02-16
BOX-Rack-M5-L3-P3,SKU-2003,Toaster,31,each,Home Goods,4.5,2026-02-13
BOX-Rack-M6-L1-P1,SKU-1001,Laptop Computer,17,each,Electronics,5.5,2026-01-03
BOX-Rack-M6-L1-P2,SKU-1005,Keyboard,58,each,Electronics,1.8,2026-01-03
BOX-Rack-M6-L1-P2,SKU-2008,Dinner Plates 12pk,21,pack,Home Goods,8,2025-12-27
BOX-Rack-M6-L1-P3,SKU-1001,Laptop Computer,11,each,Electronics,5.5,2026-01-23
BOX-Rack-M6-L1-P3,SKU-1008,Headphones,31,each,Electronics,0.6,2026-02-02
BOX-Rack-M6-L2-P1,SKU-2010,Table Lamp,24,each,Home Goods,5.5,2026-01-28
BOX-Rack-M6-L2-P2,SKU-1001,Laptop Computer,20,each,Electronics,5.5,2026-02-17
BOX-Rack-M6-L2-P2,SKU-2005,Throw Pillows 4pk,27,pack,Home Goods,3.2,2026-02-09
BOX-Rack-M6-L3-P1,SKU-1005,Keyboard,31,each,Electronics,1.8,2026-01-12
BOX-Rack-M6-L3-P1,SKU-2004,Bedding Set Queen,11,set,Home Goods,7,2026-01-19
BOX-Rack-M6-L3-P2,SKU-2006,Kitchen Knife Set,21,set,Home Goods,4.8,2026-01-04
BOX-Rack-M6-L3-P3,SKU-1005,Keyboard,29,each,Electronics,1.8,2026-01-18
BOX-Rack-N1-L1-P1,SKU-1005,Keyboard,39,each,Electronics,1.8,2025-12-30
BOX-Rack-N1-L1-P1,SKU-1004,Wireless Mouse,36,each,Electronics,0.3,2026-02-02
BOX-Rack-N1-L1-P2,SKU-2009,Wall Clock,55,each,Home Goods,2.5,2026-02-10
BOX-Rack-N1-L1-P3,SKU-1001,Laptop Computer,17,each,Electronics,5.5,2026-01-15
BOX-Rack-N1-L2-P1,SKU-2009,Wall Clock,43,each,Home Goods,2.5,2026-01-11
BOX-Rack-N1-L2-P2,SKU-1002,Tablet Device,23,each,Electronics,1.2,2025-12-25
BOX-Rack-N1-L2-P2,SKU-1004,Wireless Mouse,88,each,Electronics,0.3,2026-01-16
BOX-Rack-N1-L3-P1,SKU-2007,Cookware Set,17,set,Home Goods,15,2026-01-02
BOX-Rack-N1-L3-P3,SKU-1002,Tablet Device,16,each,Electronics,1.2,2026-01-08
BOX-Rack-N2-L1-P1,SKU-2008,Dinner Plates 12pk,21,pack,Home Goods,8,2025-12-23
BOX-Rack-N2-L1-P2,SKU-2004,Bedding Set Queen,19,set,Home Goods,7,2026-01-14
BOX-Rack-N2-L1-P3,SKU-1010,Power Bank,89,each,Electronics,0.9,2026-01-09
BOX-Rack-N2-L2-P2,SKU-1009,Webcam HD,39,each,Electronics,0.8,2026-02-04
BOX-Rack-N2-L3-P3,SKU-2004,Bedding Set Queen,11,set,Home Goods,7,2026-01-23
BOX-Rack-N2-L3-P3,SKU-1004,Wireless Mouse,89,each,Electronics,0.3,2025-12-23
BOX-Rack-N3-L1-P1,SKU-1001,Laptop Computer,16,each,Electronics,5.5,2026-01-21
BOX-Rack-N3-L1-P2,SKU-1008,Headphones,59,each,Electronics,0.6,2026-02-01
BOX-Rack-N3-L1-P3,SKU-2005,Throw Pillows 4pk,30,pack,Home Goods,3.2,2026-01-27
BOX-Rack-N3-L1-P3,SKU-1008,Headphones,45,each,Electronics,0.6,2026-01-10
BOX-Rack-N3-L2-P1,SKU-1010,Power Bank,113,each,Electronics,0.9,2026-01-28
BOX-Rack-N3-L2-P2,SKU-2004,Bedding Set Queen,16,set,Home Goods,7,2026-01-06
BOX-Rack-N3-L2-P2,SKU-2008,Dinner Plates 12pk,31,pack,Home Goods,8,2026-01-08
BOX-Rack-N3-L3-P1,SKU-1003,Smartphone,41,each,Electronics,0.4,2026-01-31
BOX-Rack-N3-L3-P2,SKU-1008,Headphones,86,each,Electronics,0.6,2026-01-23
BOX-Rack-N4-L1-P1,SKU-1001,Laptop Computer,19,each,Electronics,5.5,2026-01-10
BOX-Rack-N4-L1-P1,SKU-2001,Coffee Maker,26,each,Home Goods,8.5,2026-01-02
BOX-Rack-N4-L1-P2,SKU-1007,USB Cable Pack,137,pack,Electronics,0.2,2026-02-09
BOX-Rack-N4-L1-P3,SKU-1007,USB Cable Pack,96,pack,Electronics,0.2,2026-01-04
BOX-Rack-N4-L1-P3,SKU-1009,Webcam HD,37,each,Electronics,0.8,2026-02-11
BOX-Rack-N4-L2-P1,SKU-2007,Cookware Set,11,set,Home Goods,15,2026-01-25
BOX-Rack-N4-L2-P2,SKU-1005,Keyboard,50,each,Electronics,1.8,2026-01-02
BOX-Rack-N4-L3-P1,SKU-2009,Wall Clock,53,each,Home Goods,2.5,2026-02-09
BOX-Rack-N4-L3-P2,SKU-2006,Kitchen Knife Set,28,set,Home Goods,4.8,2026-01-17
BOX-Rack-N4-L3-P2,SKU-2001,Coffee Maker,17,each,Home Goods,8.5,2026-02-09
BOX-Rack-N4-L3-P3,SKU-2005,Throw Pillows 4pk,30,pack,Home Goods,3.2,2026-02-13
BOX-Rack-N5-L1-P1,SKU-2005,Throw Pillows 4pk,30,pack,Home Goods,3.2,2026-01-22
BOX-Rack-N5-L1-P1,SKU-2002,Blender,30,each,Home Goods,6.2,2026-01-28
BOX-Rack-N5-L1-P3,SKU-1004,Wireless Mouse,36,each,Electronics,0.3,2026-02-04
BOX-Rack-N5-L1-P3,SKU-2001,Coffee Maker,18,each,Home Goods,8.5,2026-02-03
BOX-Rack-N5-L2-P1,SKU-1006,Monitor 24inch,19,each,Electronics,12,2026-01-16
BOX-Rack-N5-L2-P1,SKU-2002,Blender,13,each,Home Goods,6.2,2026-01-14
BOX-Rack-N5-L2-P2,SKU-1003,Smartphone,22,each,Electronics,0.4,2026-01-16
BOX-Rack-N5-L2-P2,SKU-1010,Power Bank,37,each,Electronics,0.9,2026-01-20
BOX-Rack-N5-L2-P3,SKU-2009,Wall Clock,43,each,Home Goods,2.5,2026-02-13
BOX-Rack-N5-L3-P1,SKU-2004,Bedding Set Queen,12,set,Home Goods,7,2026-01-23
BOX-Rack-N5-L3-P2,SKU-1002,Tablet Device,30,each,Electronics,1.2,2026-01-13
BOX-Rack-N5-L3-P2,SKU-2006,Kitchen Knife Set,25,set,Home Goods,4.8,2026-01-23
BOX-Rack-N5-L3-P3,SKU-1007,USB Cable Pack,142,pack,Electronics,0.2,2026-02-12
BOX-Rack-N5-L3-P3,SKU-2006,Kitchen Knife Set,20,set,Home Goods,4.8,2026-01-14
BOX-Rack-N6-L1-P1,SKU-1007,USB Cable Pack,76,pack,Electronics,0.2,2026-01-04
BOX-Rack-N6-L1-P1,SKU-1004,Wireless Mouse,79,each,Electronics,0.3,2026-01-18
BOX-Rack-N6-L1-P2,SKU-1002,Tablet Device,22,each,Electronics,1.2,2026-01-21
BOX-Rack-N6-L1-P2,SKU-2002,Blender,23,each,Home Goods,6.2,2026-01-07
BOX-Rack-N6-L1-P3,SKU-1009,Webcam HD,25,each,Electronics,0.8,2026-02-13
BOX-Rack-N6-L2-P1,SKU-2007,Cookware Set,17,set,Home Goods,15,2026-02-11
BOX-Rack-N6-L2-P2,SKU-2008,Dinner Plates 12pk,17,pack,Home Goods,8,2026-02-14
BOX-Rack-N6-L2-P2,SKU-2004,Bedding Set Queen,8,set,Home Goods,7,2026-01-24
BOX-Rack-N6-L2-P3,SKU-2005,Throw Pillows 4pk,52,pack,Home Goods,3.2,2026-01-27
BOX-Rack-N6-L3-P1,SKU-2003,Toaster,38,each,Home Goods,4.5,2026-01-05
BOX-Rack-N6-L3-P2,SKU-1001,Laptop Computer,12,each,Electronics,5.5,2026-02-14
BOX-Rack-N6-L3-P2,SKU-2002,Blender,17,each,Home Goods,6.2,2026-02-02
BOX-Rack-N6-L3-P3,SKU-2009,Wall Clock,23,each,Home Goods,2.5,2025-12-31
BOX-Rack-O1-L1-P1,SKU-1004,Wireless Mouse,40,each,Electronics,0.3,2026-02-15
BOX-Rack-O1-L1-P1,SKU-1006,Monitor 24inch,21,each,Electronics,12,2026-01-08
BOX-Rack-O1-L1-P2,SKU-1009,Webcam HD,17,each,Electronics,0.8,2026-01-20
BOX-Rack-O1-L1-P3,SKU-1003,Smartphone,30,each,Electronics,0.4,2026-02-06
BOX-Rack-O1-L1-P3,SKU-2001,Coffee Maker,20,each,Home Goods,8.5,2026-02-04
BOX-Rack-O1-L2-P1,SKU-1004,Wireless Mouse,90,each,Electronics,0.3,2025-12-28
BOX-Rack-O1-L2-P1,SKU-1002,Tablet Device,35,each,Electronics,1.2,2026-01-12
BOX-Rack-O1-L2-P2,SKU-1005,Keyboard,64,each,Electronics,1.8,2026-01-01
BOX-Rack-O1-L2-P2,SKU-2005,Throw Pillows 4pk,21,pack,Home Goods,3.2,2025-12-31
BOX-Rack-O1-L2-P3,SKU-1008,Headphones,73,each,Electronics,0.6,2026-01-31
BOX-Rack-O1-L3-P1,SKU-1003,Smartphone,58,each,Electronics,0.4,2026-01-07
BOX-Rack-O1-L3-P1,SKU-1002,Tablet Device,12,each,Electronics,1.2,2026-02-12
BOX-Rack-O1-L3-P2,SKU-2006,Kitchen Knife Set,20,set,Home Goods,4.8,2025-12-31
BOX-Rack-O1-L3-P2,SKU-2004,Bedding Set Queen,11,set,Home Goods,7,2026-01-21
BOX-Rack-O1-L3-P3,SKU-1003,Smartphone,42,each,Electronics,0.4,2025-12-25
BOX-Rack-O1-L3-P3,SKU-2006,Kitchen Knife Set,9,set,Home Goods,4.8,2026-02-16
BOX-Rack-O2-L1-P1,SKU-1005,Keyboard,25,each,Electronics,1.8,2026-02-17
BOX-Rack-O2-L1-P2,SKU-1006,Monitor 24inch,15,each,Electronics,12,2026-01-22
BOX-Rack-O2-L1-P3,SKU-1007,USB Cable Pack,45,pack,Electronics,0.2,2026-01-18
BOX-Rack-O2-L1-P3,SKU-2009,Wall Clock,55,each,Home Goods,2.5,2026-01-31
BOX-Rack-O2-L2-P1,SKU-2009,Wall Clock,49,each,Home Goods,2.5,2026-01-10
BOX-Rack-O2-L2-P2,SKU-2001,Coffee Maker,32,each,Home Goods,8.5,2026-02-06
BOX-Rack-O2-L2-P2,SKU-1007,USB Cable Pack,56,pack,Electronics,0.2,2026-02-17
BOX-Rack-O2-L3-P2,SKU-1006,Monitor 24inch,20,each,Electronics,12,2026-01-16
BOX-Rack-O3-L1-P2,SKU-1006,Monitor 24inch,19,each,Electronics,12,2026-01-28
BOX-Rack-O3-L1-P2,SKU-2004,Bedding Set Queen,9,set,Home Goods,7,2026-02-02
BOX-Rack-O3-L1-P3,SKU-1005,Keyboard,35,each,Electronics,1.8,2026-01-19
BOX-Rack-O3-L1-P3,SKU-2004,Bedding Set Queen,8,set,Home Goods,7,2026-01-31
BOX-Rack-O3-L2-P1,SKU-2008,Dinner Plates 12pk,37,pack,Home Goods,8,2026-01-20
BOX-Rack-O3-L3-P1,SKU-2003,Toaster,42,each,Home Goods,4.5,2026-01-30
BOX-Rack-O3-L3-P2,SKU-1004,Wireless Mouse,83,each,Electronics,0.3,2026-02-01
BOX-Rack-O3-L3-P2,SKU-1009,Webcam HD,39,each,Electronics,0.8,2026-01-26
BOX-Rack-O3-L3-P3,SKU-1008,Headphones,39,each,Electronics,0.6,2026-02-05
BOX-Rack-O3-L3-P3,SKU-1007,USB Cable Pack,144,pack,Electronics,0.2,2026-01-16
BOX-Rack-O4-L1-P2,SKU-2004,Bedding Set Queen,18,set,Home Goods,7,2026-01-16
BOX-Rack-O4-L1-P3,SKU-2006,Kitchen Knife Set,14,set,Home Goods,4.8,2026-02-17
BOX-Rack-O4-L2-P1,SKU-1007,USB Cable Pack,102,pack,Electronics,0.2,2026-02-14
BOX-Rack-O4-L2-P1,SKU-2010,Table Lamp,43,each,Home Goods,5.5,2026-01-30
BOX-Rack-O4-L2-P2,SKU-1007,USB Cable Pack,112,pack,Electronics,0.2,2025-12-24
BOX-Rack-O4-L2-P3,SKU-1007,USB Cable Pack,100,pack,Electronics,0.2,2026-01-13
BOX-Rack-O4-L2-P3,SKU-1004,Wireless Mouse,31,each,Electronics,0.3,2026-02-12
BOX-Rack-O4-L3-P1,SKU-1001,Laptop Computer,21,each,Electronics,5.5,2026-01-19
BOX-Rack-O4-L3-P1,SKU-1002,Tablet Device,20,each,Electronics,1.2,2026-01-18
BOX-Rack-O4-L3-P3,SKU-1003,Smartphone,28,each,Electronics,0.4,2026-01-01
BOX-Rack-O5-L1-P1,SKU-1001,Laptop Computer,10,each,Electronics,5.5,2026-01-31
BOX-Rack-O5-L1-P1,SKU-1008,Headphones,42,each,Electronics,0.6,2026-01-12
BOX-Rack-O5-L1-P2,SKU-1001,Laptop Computer,19,each,Electronics,5.5,2025-12-26
BOX-Rack-O5-L2-P2,SKU-1002,Tablet Device,23,each,Electronics,1.2,2026-02-03
BOX-Rack-O5-L2-P3,SKU-2006,Kitchen Knife Set,11,set,Home Goods,4.8,2025-12-31
BOX-Rack-O5-L3-P1,SKU-2005,Throw Pillows 4pk,37,pack,Home Goods,3.2,2026-01-17
BOX-Rack-O5-L3-P2,SKU-2004,Bedding Set Queen,11,set,Home Goods,7,2026-02-13
BOX-Rack-O5-L3-P2,SKU-2009,Wall Clock,30,each,Home Goods,2.5,2026-01-23
BOX-Rack-O5-L3-P3,SKU-2010,Table Lamp,45,each,Home Goods,5.5,2026-01-12
BOX-Rack-O5-L3-P3,SKU-2005,Throw Pillows 4pk,41,pack,Home Goods,3.2,2025-12-29
BOX-Rack-O6-L1-P2,SKU-1009,Webcam HD,16,each,Electronics,0.8,2026-01-06
BOX-Rack-O6-L1-P3,SKU-2008,Dinner Plates 12pk,41,pack,Home Goods,8,2026-01-15
BOX-Rack-O6-L2-P2,SKU-2007,Cookware Set,21,set,Home Goods,15,2026-02-05
BOX-Rack-O6-L2-P3,SKU-2010,Table Lamp,53,each,Home Goods,5.5,2025-12-23
BOX-Rack-O6-L2-P3,SKU-2008,Dinner Plates 12pk,31,pack,Home Goods,8,2026-01-24
BOX-Rack-O6-L3-P1,SKU-1007,USB Cable Pack,65,pack,Electronics,0.2,2026-02-19
BOX-Rack-O6-L3-P1,SKU-1001,Laptop Computer,23,each,Electronics,5.5,2025-12-24
BOX-Rack-O6-L3-P2,SKU-1001,Laptop Computer,16,each,Electronics,5.5,2026-01-29
BOX-Rack-O6-L3-P3,SKU-1002,Tablet Device,20,each,Electronics,1.2,2026-01-02
BOX-Rack-O6-L3-P3,SKU-2005,Throw Pillows 4pk,31,pack,Home Goods,3.2,2026-01-20
BOX-Rack-P1-L1-P2,SKU-1002,Tablet Device,29,each,Electronics,1.2,2026-02-18
BOX-Rack-P1-L1-P3,SKU-2004,Bedding Set Queen,6,set,Home Goods,7,2026-02-02
BOX-Rack-P1-L2-P1,SKU-1005,Keyboard,62,each,Electronics,1.8,2026-01-27
BOX-Rack-P1-L2-P1,SKU-1008,Headphones,50,each,Electronics,0.6,2026-01-24
BOX-Rack-P1-L2-P2,SKU-2006,Kitchen Knife Set,9,set,Home Goods,4.8,2026-01-08
BOX-Rack-P1-L2-P2,SKU-1002,Tablet Device,31,each,Electronics,1.2,2026-02-03
BOX-Rack-P1-L2-P3,SKU-1007,USB Cable Pack,86,pack,Electronics,0.2,2025-12-31
BOX-Rack-P1-L2-P3,SKU-1001,Laptop Computer,21,each,Electronics,5.5,2026-01-14
BOX-Rack-P1-L3-P1,SKU-1001,Laptop Computer,18,each,Electronics,5.5,2026-01-02
BOX-Rack-P1-L3-P1,SKU-1002,Tablet Device,28,each,Electronics,1.2,2026-01-09
BOX-Rack-P1-L3-P2,SKU-1001,Laptop Computer,22,each,Electronics,5.5,2026-01-01
BOX-Rack-P1-L3-P3,SKU-1009,Webcam HD,21,each,Electronics,0.8,2025-12-24
BOX-Rack-P1-L3-P3,SKU-1010,Power Bank,107,each,Electronics,0.9,2026-02-10
BOX-Rack-P2-L1-P1,SKU-2008,Dinner Plates 12pk,41,pack,Home Goods,8,2026-01-04
BOX-Rack-P2-L1-P1,SKU-2005,Throw Pillows 4pk,58,pack,Home Goods,3.2,2026-02-03
BOX-Rack-P2-L1-P2,SKU-2002,Blender,31,each,Home Goods,6.2,2026-01-16
BOX-Rack-P2-L2-P2,SKU-1001,Laptop Computer,13,each,Electronics,5.5,2026-01-26
BOX-Rack-P2-L2-P2,SKU-1007,USB Cable Pack,89,pack,Electronics,0.2,2026-01-02
BOX-Rack-P2-L2-P3,SKU-1008,Headphones,40,each,Electronics,0.6,2025-12-23
BOX-Rack-P2-L3-P2,SKU-1009,Webcam HD,24,each,Electronics,0.8,2026-02-17
BOX-Rack-P2-L3-P2,SKU-1004,Wireless Mouse,65,each,Electronics,0.3,2026-01-03
BOX-Rack-P2-L3-P3,SKU-2008,Dinner Plates 12pk,25,pack,Home Goods,8,2026-01-06
BOX-Rack-P2-L3-P3,SKU-1002,Tablet Device,24,each,Electronics,1.2,2025-12-24
BOX-Rack-P3-L1-P1,SKU-1010,Power Bank,59,each,Electronics,0.9,2026-01-13
BOX-Rack-P3-L1-P3,SKU-1004,Wireless Mouse,50,each,Electronics,0.3,2026-01-19
BOX-Rack-P3-L1-P3,SKU-2008,Dinner Plates 12pk,18,pack,Home Goods,8,2026-01-10
BOX-Rack-P3-L2-P1,SKU-1008,Headphones,68,each,Electronics,0.6,2026-02-07
BOX-Rack-P3-L2-P2,SKU-2005,Throw Pillows 4pk,47,pack,Home Goods,3.2,2026-02-09
BOX-Rack-P3-L3-P1,SKU-1004,Wireless Mouse,87,each,Electronics,0.3,2026-01-16
BOX-Rack-P3-L3-P2,SKU-1010,Power Bank,48,each,Electronics,0.9,2026-02-06
BOX-Rack-P3-L3-P2,SKU-1001,Laptop Computer,20,each,Electronics,5.5,2026-01-06
BOX-Rack-P3-L3-P3,SKU-2001,Coffee Maker,16,each,Home Goods,8.5,2026-02-04
BOX-Rack-P4-L1-P2,SKU-2007,Cookware Set,15,set,Home Goods,15,2025-12-24
BOX-Rack-P4-L1-P2,SKU-2003,Toaster,14,each,Home Goods,4.5,2026-01-15
BOX-Rack-P4-L1-P3,SKU-2007,Cookware Set,15,set,Home Goods,15,2026-02-18
BOX-Rack-P4-L2-P1,SKU-1009,Webcam HD,18,each,Electronics,0.8,2026-01-01
BOX-Rack-P4-L2-P1,SKU-2003,Toaster,33,each,Home Goods,4.5,2026-01-10
BOX-Rack-P4-L2-P2,SKU-2007,Cookware Set,22,set,Home Goods,15,2025-12-24
BOX-Rack-P4-L2-P2,SKU-1004,Wireless Mouse,43,each,Electronics,0.3,2026-02-06
BOX-Rack-P4-L2-P3,SKU-1005,Keyboard,77,each,Electronics,1.8,2026-02-13
BOX-Rack-P4-L3-P1,SKU-1007,USB Cable Pack,140,pack,Electronics,0.2,2025-12-23
BOX-Rack-P4-L3-P3,SKU-1001,Laptop Computer,12,each,Electronics,5.5,2026-01-08
BOX-Rack-P5-L1-P1,SKU-1003,Smartphone,28,each,Electronics,0.4,2025-12-27
BOX-Rack-P5-L1-P1,SKU-1006,Monitor 24inch,12,each,Electronics,12,2026-02-19
BOX-Rack-P5-L1-P2,SKU-2002,Blender,38,each,Home Goods,6.2,2026-02-02
BOX-Rack-P5-L1-P2,SKU-2001,Coffee Maker,19,each,Home Goods,8.5,2026-02-01
BOX-Rack-P5-L1-P3,SKU-2002,Blender,28,each,Home Goods,6.2,2026-01-27
BOX-Rack-P5-L2-P1,SKU-1001,Laptop Computer,8,each,Electronics,5.5,2026-02-13
BOX-Rack-P5-L2-P2,SKU-2002,Blender,35,each,Home Goods,6.2,2026-01-25
BOX-Rack-P5-L2-P2,SKU-2008,Dinner Plates 12pk,27,pack,Home Goods,8,2026-01-09
BOX-Rack-P5-L2-P3,SKU-2003,Toaster,38,each,Home Goods,4.5,2025-12-30
BOX-Rack-P5-L2-P3,SKU-2001,Coffee Maker,14,each,Home Goods,8.5,2026-02-03
BOX-Rack-P5-L3-P1,SKU-2003,Toaster,32,each,Home Goods,4.5,2026-02-02
BOX-Rack-P5-L3-P2,SKU-2010,Table Lamp,19,each,Home Goods,5.5,2026-01-15
BOX-Rack-P5-L3-P3,SKU-2002,Blender,22,each,Home Goods,6.2,2025-12-22
BOX-Rack-P6-L1-P2,SKU-1009,Webcam HD,25,each,Electronics,0.8,2026-02-10
BOX-Rack-P6-L1-P2,SKU-2007,Cookware Set,14,set,Home Goods,15,2026-02-12
BOX-Rack-P6-L1-P3,SKU-1008,Headphones,54,each,Electronics,0.6,2026-02-09
BOX-Rack-P6-L2-P1,SKU-1005,Keyboard,66,each,Electronics,1.8,2026-02-04
BOX-Rack-P6-L2-P1,SKU-2003,Toaster,18,each,Home Goods,4.5,2026-02-14
BOX-Rack-P6-L2-P2,SKU-1002,Tablet Device,17,each,Electronics,1.2,2026-02-11
BOX-Rack-P6-L2-P2,SKU-2005,Throw Pillows 4pk,23,pack,Home Goods,3.2,2026-02-19
BOX-Rack-P6-L2-P3,SKU-1007,USB Cable Pack,134,pack,Electronics,0.2,2026-02-16
BOX-Rack-P6-L2-P3,SKU-1005,Keyboard,25,each,Electronics,1.8,2026-01-15
BOX-Rack-P6-L3-P1,SKU-2008,Dinner Plates 12pk,22,pack,Home Goods,8,2026-02-17
BOX-Rack-P6-L3-P3,SKU-1002,Tablet Device,30,each,Electronics,1.2,2026-02-07